file,label,context
serpentine_belt_idle_state_0000.wav,serpentine_belt,4.0
serpentine_belt_idle_state_0001.wav,serpentine_belt,4.0
serpentine_belt_idle_state_0002.wav,serpentine_belt,4.0
serpentine_belt_idle_state_0003.wav,serpentine_belt,4.0
serpentine_belt_idle_state_0004.wav,serpentine_belt,4.0
serpentine_belt_idle_state_0005.wav,serpentine_belt,4.0
serpentine_belt_idle_state_0006.wav,serpentine_belt,4.0
serpentine_belt_idle_state_0007.wav,serpentine_belt,4.0
serpentine_belt_idle_state_0008.wav,serpentine_belt,4.0
serpentine_belt_idle_state_0009.wav,serpentine_belt,4.0
serpentine_belt_idle_state_0010.wav,serpentine_belt,4.0
serpentine_belt_idle_state_0011.wav,serpentine_belt,4.0
serpentine_belt_idle_state_0012.wav,serpentine_belt,4.0
serpentine_belt_idle_state_0013.wav,serpentine_belt,4.0
serpentine_belt_idle_state_0014.wav,serpentine_belt,4.0
serpentine_belt_idle_state_0015.wav,serpentine_belt,4.0
serpentine_belt_idle_state_0016.wav,serpentine_belt,4.0
serpentine_belt_idle_state_0017.wav,serpentine_belt,4.0
serpentine_belt_idle_state_0018.wav,serpentine_belt,4.0
serpentine_belt_idle_state_0019.wav,serpentine_belt,4.0
serpentine_belt_idle_state_0020.wav,serpentine_belt,4.0
serpentine_belt_idle_state_0021.wav,serpentine_belt,4.0
serpentine_belt_idle_state_0022.wav,serpentine_belt,4.0
serpentine_belt_idle_state_0023.wav,serpentine_belt,4.0
serpentine_belt_idle_state_0024.wav,serpentine_belt,4.0
serpentine_belt_idle_state_0025.wav,serpentine_belt,4.0
serpentine_belt_idle_state_0026.wav,serpentine_belt,4.0
serpentine_belt_idle_state_0027.wav,serpentine_belt,4.0
serpentine_belt_idle_state_0028.wav,serpentine_belt,4.0
serpentine_belt_idle_state_0029.wav,serpentine_belt,4.0
serpentine_belt_idle_state_0030.wav,serpentine_belt,4.0
serpentine_belt_idle_state_0031.wav,serpentine_belt,4.0
serpentine_belt_idle_state_0032.wav,serpentine_belt,4.0
serpentine_belt_idle_state_0033.wav,serpentine_belt,4.0
serpentine_belt_idle_state_0034.wav,serpentine_belt,4.0
serpentine_belt_idle_state_0035.wav,serpentine_belt,4.0
serpentine_belt_idle_state_0036.wav,serpentine_belt,4.0
serpentine_belt_idle_state_0037.wav,serpentine_belt,4.0
serpentine_belt_idle_state_0038.wav,serpentine_belt,4.0
serpentine_belt_idle_state_0039.wav,serpentine_belt,4.0
serpentine_belt_idle_state_0040.wav,serpentine_belt,4.0
serpentine_belt_idle_state_0041.wav,serpentine_belt,4.0
serpentine_belt_idle_state_0042.wav,serpentine_belt,4.0
serpentine_belt_idle_state_0043.wav,serpentine_belt,4.0
serpentine_belt_idle_state_0044.wav,serpentine_belt,4.0
serpentine_belt_idle_state_0045.wav,serpentine_belt,4.0
serpentine_belt_idle_state_0046.wav,serpentine_belt,4.0
serpentine_belt_idle_state_0047.wav,serpentine_belt,4.0
serpentine_belt_idle_state_0048.wav,serpentine_belt,4.0
serpentine_belt_idle_state_0049.wav,serpentine_belt,4.0
serpentine_belt_idle_state_0050.wav,serpentine_belt,4.0
serpentine_belt_idle_state_0051.wav,serpentine_belt,4.0
serpentine_belt_idle_state_0052.wav,serpentine_belt,4.0
serpentine_belt_idle_state_0053.wav,serpentine_belt,4.0
serpentine_belt_idle_state_0054.wav,serpentine_belt,4.0
serpentine_belt_idle_state_0055.wav,serpentine_belt,4.0
serpentine_belt_idle_state_0056.wav,serpentine_belt,4.0
serpentine_belt_idle_state_0057.wav,serpentine_belt,4.0
serpentine_belt_idle_state_0058.wav,serpentine_belt,4.0
serpentine_belt_idle_state_0059.wav,serpentine_belt,4.0
serpentine_belt_idle_state_0060.wav,serpentine_belt,4.0
serpentine_belt_idle_state_0061.wav,serpentine_belt,4.0
serpentine_belt_idle_state_0062.wav,serpentine_belt,4.0
serpentine_belt_idle_state_0063.wav,serpentine_belt,4.0
serpentine_belt_idle_state_0064.wav,serpentine_belt,4.0
serpentine_belt_idle_state_0065.wav,serpentine_belt,4.0
serpentine_belt_idle_state_0066.wav,serpentine_belt,4.0
serpentine_belt_idle_state_0067.wav,serpentine_belt,4.0
serpentine_belt_idle_state_0068.wav,serpentine_belt,4.0
serpentine_belt_idle_state_0069.wav,serpentine_belt,4.0
serpentine_belt_idle_state_0070.wav,serpentine_belt,4.0
serpentine_belt_idle_state_0071.wav,serpentine_belt,4.0
serpentine_belt_idle_state_0072.wav,serpentine_belt,4.0
serpentine_belt_idle_state_0073.wav,serpentine_belt,4.0
serpentine_belt_idle_state_0074.wav,serpentine_belt,4.0
serpentine_belt_idle_state_0075.wav,serpentine_belt,4.0
serpentine_belt_idle_state_0076.wav,serpentine_belt,4.0
serpentine_belt_idle_state_0077.wav,serpentine_belt,4.0
serpentine_belt_idle_state_0078.wav,serpentine_belt,4.0
serpentine_belt_idle_state_0079.wav,serpentine_belt,4.0
serpentine_belt_idle_state_0080.wav,serpentine_belt,4.0
serpentine_belt_idle_state_0081.wav,serpentine_belt,4.0
serpentine_belt_idle_state_0082.wav,serpentine_belt,4.0
serpentine_belt_idle_state_0083.wav,serpentine_belt,4.0
serpentine_belt_idle_state_0084.wav,serpentine_belt,4.0
serpentine_belt_idle_state_0085.wav,serpentine_belt,4.0
serpentine_belt_idle_state_0086.wav,serpentine_belt,4.0
serpentine_belt_idle_state_0087.wav,serpentine_belt,4.0
serpentine_belt_idle_state_0088.wav,serpentine_belt,4.0
serpentine_belt_idle_state_0089.wav,serpentine_belt,4.0
serpentine_belt_idle_state_0090.wav,serpentine_belt,4.0
serpentine_belt_idle_state_0091.wav,serpentine_belt,4.0
serpentine_belt_idle_state_0092.wav,serpentine_belt,4.0
serpentine_belt_idle_state_0093.wav,serpentine_belt,4.0
serpentine_belt_idle_state_0094.wav,serpentine_belt,4.0
serpentine_belt_idle_state_0095.wav,serpentine_belt,4.0
serpentine_belt_idle_state_0096.wav,serpentine_belt,4.0
serpentine_belt_idle_state_0097.wav,serpentine_belt,4.0
serpentine_belt_idle_state_0098.wav,serpentine_belt,4.0
serpentine_belt_idle_state_0099.wav,serpentine_belt,4.0
serpentine_belt_idle_state_0100.wav,serpentine_belt,4.0
serpentine_belt_idle_state_0101.wav,serpentine_belt,4.0
serpentine_belt_idle_state_0102.wav,serpentine_belt,4.0
serpentine_belt_idle_state_0103.wav,serpentine_belt,4.0
serpentine_belt_idle_state_0104.wav,serpentine_belt,4.0
serpentine_belt_idle_state_0105.wav,serpentine_belt,4.0
serpentine_belt_idle_state_0106.wav,serpentine_belt,4.0
serpentine_belt_idle_state_0107.wav,serpentine_belt,4.0
serpentine_belt_idle_state_0108.wav,serpentine_belt,4.0
serpentine_belt_idle_state_0109.wav,serpentine_belt,4.0
serpentine_belt_idle_state_0110.wav,serpentine_belt,4.0
serpentine_belt_idle_state_0111.wav,serpentine_belt,4.0
serpentine_belt_idle_state_0112.wav,serpentine_belt,4.0
serpentine_belt_idle_state_0113.wav,serpentine_belt,4.0
serpentine_belt_idle_state_0114.wav,serpentine_belt,4.0
serpentine_belt_idle_state_0115.wav,serpentine_belt,4.0
low_oil_idle_state_0000.wav,low_oil,4.0
low_oil_idle_state_0001.wav,low_oil,4.0
low_oil_idle_state_0002.wav,low_oil,4.0
low_oil_idle_state_0003.wav,low_oil,4.0
low_oil_idle_state_0004.wav,low_oil,4.0
low_oil_idle_state_0005.wav,low_oil,4.0
low_oil_idle_state_0006.wav,low_oil,4.0
low_oil_idle_state_0007.wav,low_oil,4.0
low_oil_idle_state_0008.wav,low_oil,4.0
low_oil_idle_state_0009.wav,low_oil,4.0
low_oil_idle_state_0010.wav,low_oil,4.0
low_oil_idle_state_0011.wav,low_oil,4.0
low_oil_idle_state_0012.wav,low_oil,4.0
low_oil_idle_state_0013.wav,low_oil,4.0
low_oil_idle_state_0014.wav,low_oil,4.0
low_oil_idle_state_0015.wav,low_oil,4.0
low_oil_idle_state_0016.wav,low_oil,4.0
low_oil_idle_state_0017.wav,low_oil,4.0
low_oil_idle_state_0018.wav,low_oil,4.0
low_oil_idle_state_0019.wav,low_oil,4.0
low_oil_idle_state_0020.wav,low_oil,4.0
low_oil_idle_state_0021.wav,low_oil,4.0
low_oil_idle_state_0022.wav,low_oil,4.0
low_oil_idle_state_0023.wav,low_oil,4.0
low_oil_idle_state_0024.wav,low_oil,4.0
low_oil_idle_state_0025.wav,low_oil,4.0
low_oil_idle_state_0026.wav,low_oil,4.0
low_oil_idle_state_0027.wav,low_oil,4.0
low_oil_idle_state_0028.wav,low_oil,4.0
low_oil_idle_state_0029.wav,low_oil,4.0
low_oil_idle_state_0030.wav,low_oil,4.0
low_oil_idle_state_0031.wav,low_oil,4.0
low_oil_idle_state_0032.wav,low_oil,4.0
low_oil_idle_state_0033.wav,low_oil,4.0
low_oil_idle_state_0034.wav,low_oil,4.0
low_oil_idle_state_0035.wav,low_oil,4.0
low_oil_idle_state_0036.wav,low_oil,4.0
low_oil_idle_state_0037.wav,low_oil,4.0
low_oil_idle_state_0038.wav,low_oil,4.0
low_oil_idle_state_0039.wav,low_oil,4.0
low_oil_idle_state_0040.wav,low_oil,4.0
low_oil_idle_state_0041.wav,low_oil,4.0
low_oil_idle_state_0042.wav,low_oil,4.0
low_oil_idle_state_0043.wav,low_oil,4.0
low_oil_idle_state_0044.wav,low_oil,4.0
low_oil_idle_state_0045.wav,low_oil,4.0
low_oil_idle_state_0046.wav,low_oil,4.0
low_oil_idle_state_0047.wav,low_oil,4.0
low_oil_idle_state_0048.wav,low_oil,4.0
low_oil_idle_state_0049.wav,low_oil,4.0
low_oil_idle_state_0050.wav,low_oil,4.0
low_oil_idle_state_0051.wav,low_oil,4.0
low_oil_idle_state_0052.wav,low_oil,4.0
low_oil_idle_state_0053.wav,low_oil,4.0
low_oil_idle_state_0054.wav,low_oil,4.0
low_oil_idle_state_0055.wav,low_oil,4.0
low_oil_idle_state_0056.wav,low_oil,4.0
low_oil_idle_state_0057.wav,low_oil,4.0
low_oil_idle_state_0058.wav,low_oil,4.0
low_oil_idle_state_0059.wav,low_oil,4.0
low_oil_idle_state_0060.wav,low_oil,4.0
low_oil_idle_state_0061.wav,low_oil,4.0
low_oil_idle_state_0062.wav,low_oil,4.0
low_oil_idle_state_0063.wav,low_oil,4.0
low_oil_idle_state_0064.wav,low_oil,4.0
low_oil_idle_state_0065.wav,low_oil,4.0
low_oil_idle_state_0066.wav,low_oil,4.0
low_oil_idle_state_0067.wav,low_oil,4.0
low_oil_idle_state_0068.wav,low_oil,4.0
low_oil_idle_state_0069.wav,low_oil,4.0
low_oil_idle_state_0070.wav,low_oil,4.0
low_oil_idle_state_0071.wav,low_oil,4.0
low_oil_idle_state_0072.wav,low_oil,4.0
low_oil_idle_state_0073.wav,low_oil,4.0
low_oil_idle_state_0074.wav,low_oil,4.0
low_oil_idle_state_0075.wav,low_oil,4.0
low_oil_idle_state_0076.wav,low_oil,4.0
low_oil_idle_state_0077.wav,low_oil,4.0
low_oil_idle_state_0078.wav,low_oil,4.0
low_oil_idle_state_0079.wav,low_oil,4.0
low_oil_idle_state_0080.wav,low_oil,4.0
low_oil_idle_state_0081.wav,low_oil,4.0
low_oil_idle_state_0082.wav,low_oil,4.0
low_oil_idle_state_0083.wav,low_oil,4.0
low_oil_idle_state_0084.wav,low_oil,4.0
low_oil_idle_state_0085.wav,low_oil,4.0
low_oil_idle_state_0086.wav,low_oil,4.0
low_oil_idle_state_0087.wav,low_oil,4.0
low_oil_idle_state_0088.wav,low_oil,4.0
low_oil_idle_state_0089.wav,low_oil,4.0
low_oil_idle_state_0090.wav,low_oil,4.0
low_oil_idle_state_0091.wav,low_oil,4.0
low_oil_idle_state_0092.wav,low_oil,4.0
low_oil_idle_state_0093.wav,low_oil,4.0
low_oil_idle_state_0094.wav,low_oil,4.0
low_oil_idle_state_0095.wav,low_oil,4.0
low_oil_idle_state_0096.wav,low_oil,4.0
low_oil_idle_state_0097.wav,low_oil,4.0
low_oil_idle_state_0098.wav,low_oil,4.0
low_oil_idle_state_0099.wav,low_oil,4.0
low_oil_idle_state_0100.wav,low_oil,4.0
low_oil_idle_state_0101.wav,low_oil,4.0
low_oil_idle_state_0102.wav,low_oil,4.0
low_oil_idle_state_0103.wav,low_oil,4.0
low_oil_idle_state_0104.wav,low_oil,4.0
low_oil_idle_state_0105.wav,low_oil,4.0
low_oil_idle_state_0106.wav,low_oil,4.0
power_steering_idle_state_0000.wav,power_steering,4.0
power_steering_idle_state_0001.wav,power_steering,4.0
power_steering_idle_state_0002.wav,power_steering,4.0
power_steering_idle_state_0003.wav,power_steering,4.0
power_steering_idle_state_0004.wav,power_steering,4.0
power_steering_idle_state_0005.wav,power_steering,4.0
power_steering_idle_state_0006.wav,power_steering,4.0
power_steering_idle_state_0007.wav,power_steering,4.0
power_steering_idle_state_0008.wav,power_steering,4.0
power_steering_idle_state_0009.wav,power_steering,4.0
power_steering_idle_state_0010.wav,power_steering,4.0
power_steering_idle_state_0011.wav,power_steering,4.0
power_steering_idle_state_0012.wav,power_steering,4.0
power_steering_idle_state_0013.wav,power_steering,4.0
power_steering_idle_state_0014.wav,power_steering,4.0
power_steering_idle_state_0015.wav,power_steering,4.0
power_steering_idle_state_0016.wav,power_steering,4.0
power_steering_idle_state_0017.wav,power_steering,4.0
power_steering_idle_state_0018.wav,power_steering,4.0
power_steering_idle_state_0019.wav,power_steering,4.0
power_steering_idle_state_0020.wav,power_steering,4.0
power_steering_idle_state_0021.wav,power_steering,4.0
power_steering_idle_state_0022.wav,power_steering,4.0
power_steering_idle_state_0023.wav,power_steering,4.0
power_steering_idle_state_0024.wav,power_steering,4.0
power_steering_idle_state_0025.wav,power_steering,4.0
power_steering_idle_state_0026.wav,power_steering,4.0
power_steering_idle_state_0027.wav,power_steering,4.0
power_steering_idle_state_0028.wav,power_steering,4.0
power_steering_idle_state_0029.wav,power_steering,4.0
power_steering_idle_state_0030.wav,power_steering,4.0
power_steering_idle_state_0031.wav,power_steering,4.0
power_steering_idle_state_0032.wav,power_steering,4.0
power_steering_idle_state_0033.wav,power_steering,4.0
power_steering_idle_state_0034.wav,power_steering,4.0
power_steering_idle_state_0035.wav,power_steering,4.0
power_steering_idle_state_0036.wav,power_steering,4.0
power_steering_idle_state_0037.wav,power_steering,4.0
power_steering_idle_state_0038.wav,power_steering,4.0
power_steering_idle_state_0039.wav,power_steering,4.0
power_steering_idle_state_0040.wav,power_steering,4.0
power_steering_idle_state_0041.wav,power_steering,4.0
power_steering_idle_state_0042.wav,power_steering,4.0
power_steering_idle_state_0043.wav,power_steering,4.0
power_steering_idle_state_0044.wav,power_steering,4.0
power_steering_idle_state_0045.wav,power_steering,4.0
power_steering_idle_state_0046.wav,power_steering,4.0
power_steering_idle_state_0047.wav,power_steering,4.0
power_steering_idle_state_0048.wav,power_steering,4.0
power_steering_idle_state_0049.wav,power_steering,4.0
power_steering_idle_state_0050.wav,power_steering,4.0
power_steering_idle_state_0051.wav,power_steering,4.0
power_steering_idle_state_0052.wav,power_steering,4.0
power_steering_idle_state_0053.wav,power_steering,4.0
power_steering_idle_state_0054.wav,power_steering,4.0
power_steering_idle_state_0055.wav,power_steering,4.0
power_steering_idle_state_0056.wav,power_steering,4.0
power_steering_idle_state_0057.wav,power_steering,4.0
power_steering_idle_state_0058.wav,power_steering,4.0
power_steering_idle_state_0059.wav,power_steering,4.0
power_steering_idle_state_0060.wav,power_steering,4.0
power_steering_idle_state_0061.wav,power_steering,4.0
power_steering_idle_state_0062.wav,power_steering,4.0
power_steering_idle_state_0063.wav,power_steering,4.0
power_steering_idle_state_0064.wav,power_steering,4.0
power_steering_idle_state_0065.wav,power_steering,4.0
power_steering_idle_state_0066.wav,power_steering,4.0
power_steering_idle_state_0067.wav,power_steering,4.0
power_steering_idle_state_0068.wav,power_steering,4.0
power_steering_idle_state_0069.wav,power_steering,4.0
power_steering_idle_state_0070.wav,power_steering,4.0
power_steering_idle_state_0071.wav,power_steering,4.0
power_steering_idle_state_0072.wav,power_steering,4.0
power_steering_idle_state_0073.wav,power_steering,4.0
power_steering_idle_state_0074.wav,power_steering,4.0
power_steering_idle_state_0075.wav,power_steering,4.0
power_steering_idle_state_0076.wav,power_steering,4.0
power_steering_idle_state_0077.wav,power_steering,4.0
power_steering_idle_state_0078.wav,power_steering,4.0
power_steering_idle_state_0079.wav,power_steering,4.0
power_steering_idle_state_0080.wav,power_steering,4.0
power_steering_idle_state_0081.wav,power_steering,4.0
power_steering_idle_state_0082.wav,power_steering,4.0
power_steering_idle_state_0083.wav,power_steering,4.0
power_steering_idle_state_0084.wav,power_steering,4.0
power_steering_idle_state_0085.wav,power_steering,4.0
power_steering_idle_state_0086.wav,power_steering,4.0
power_steering_idle_state_0087.wav,power_steering,4.0
power_steering_idle_state_0088.wav,power_steering,4.0
power_steering_idle_state_0089.wav,power_steering,4.0
power_steering_idle_state_0090.wav,power_steering,4.0
power_steering_idle_state_0091.wav,power_steering,4.0
power_steering_idle_state_0092.wav,power_steering,4.0
power_steering_idle_state_0093.wav,power_steering,4.0
power_steering_idle_state_0094.wav,power_steering,4.0
power_steering_idle_state_0095.wav,power_steering,4.0
power_steering_idle_state_0096.wav,power_steering,4.0
power_steering_idle_state_0097.wav,power_steering,4.0
power_steering_idle_state_0098.wav,power_steering,4.0
power_steering_idle_state_0099.wav,power_steering,4.0
power_steering_idle_state_0100.wav,power_steering,4.0
power_steering_idle_state_0101.wav,power_steering,4.0
power_steering_idle_state_0102.wav,power_steering,4.0
power_steering_idle_state_0103.wav,power_steering,4.0
power_steering_idle_state_0104.wav,power_steering,4.0
power_steering_idle_state_0105.wav,power_steering,4.0
power_steering_idle_state_0106.wav,power_steering,4.0
power_steering_idle_state_0107.wav,power_steering,4.0
power_steering_idle_state_0108.wav,power_steering,4.0
power_steering_idle_state_0109.wav,power_steering,4.0
power_steering_idle_state_0110.wav,power_steering,4.0
power_steering_idle_state_0111.wav,power_steering,4.0
power_steering_idle_state_0112.wav,power_steering,4.0
power_steering_idle_state_0113.wav,power_steering,4.0
power_steering_idle_state_0114.wav,power_steering,4.0
power_steering_idle_state_0115.wav,power_steering,4.0
power_steering_idle_state_0116.wav,power_steering,4.0
power_steering_idle_state_0117.wav,power_steering,4.0
power_steering_idle_state_0118.wav,power_steering,4.0
power_steering_idle_state_0119.wav,power_steering,4.0
power_steering_idle_state_0120.wav,power_steering,4.0
power_steering_idle_state_0121.wav,power_steering,4.0
power_steering_idle_state_0122.wav,power_steering,4.0
power_steering_idle_state_0123.wav,power_steering,4.0
power_steering_idle_state_0124.wav,power_steering,4.0
power_steering_idle_state_0125.wav,power_steering,4.0
power_steering_idle_state_0126.wav,power_steering,4.0
power_steering_idle_state_0127.wav,power_steering,4.0
power_steering_idle_state_0128.wav,power_steering,4.0
normal_engine_idle_idle_state_0000.wav,normal_engine_idle,4.0
normal_engine_idle_idle_state_0001.wav,normal_engine_idle,4.0
normal_engine_idle_idle_state_0002.wav,normal_engine_idle,4.0
normal_engine_idle_idle_state_0003.wav,normal_engine_idle,4.0
normal_engine_idle_idle_state_0004.wav,normal_engine_idle,4.0
normal_engine_idle_idle_state_0005.wav,normal_engine_idle,4.0
normal_engine_idle_idle_state_0006.wav,normal_engine_idle,4.0
normal_engine_idle_idle_state_0007.wav,normal_engine_idle,4.0
normal_engine_idle_idle_state_0008.wav,normal_engine_idle,4.0
normal_engine_idle_idle_state_0009.wav,normal_engine_idle,4.0
normal_engine_idle_idle_state_0010.wav,normal_engine_idle,4.0
normal_engine_idle_idle_state_0011.wav,normal_engine_idle,4.0
normal_engine_idle_idle_state_0012.wav,normal_engine_idle,4.0
normal_engine_idle_idle_state_0013.wav,normal_engine_idle,4.0
normal_engine_idle_idle_state_0014.wav,normal_engine_idle,4.0
normal_engine_idle_idle_state_0015.wav,normal_engine_idle,4.0
normal_engine_idle_idle_state_0016.wav,normal_engine_idle,4.0
normal_engine_idle_idle_state_0017.wav,normal_engine_idle,4.0
normal_engine_idle_idle_state_0018.wav,normal_engine_idle,4.0
normal_engine_idle_idle_state_0019.wav,normal_engine_idle,4.0
normal_engine_idle_idle_state_0020.wav,normal_engine_idle,4.0
normal_engine_idle_idle_state_0021.wav,normal_engine_idle,4.0
normal_engine_idle_idle_state_0022.wav,normal_engine_idle,4.0
normal_engine_idle_idle_state_0023.wav,normal_engine_idle,4.0
normal_engine_idle_idle_state_0024.wav,normal_engine_idle,4.0
normal_engine_idle_idle_state_0025.wav,normal_engine_idle,4.0
normal_engine_idle_idle_state_0026.wav,normal_engine_idle,4.0
normal_engine_idle_idle_state_0027.wav,normal_engine_idle,4.0
normal_engine_idle_idle_state_0028.wav,normal_engine_idle,4.0
normal_engine_idle_idle_state_0029.wav,normal_engine_idle,4.0
normal_engine_idle_idle_state_0030.wav,normal_engine_idle,4.0
normal_engine_idle_idle_state_0031.wav,normal_engine_idle,4.0
normal_engine_idle_idle_state_0032.wav,normal_engine_idle,4.0
normal_engine_idle_idle_state_0033.wav,normal_engine_idle,4.0
normal_engine_idle_idle_state_0034.wav,normal_engine_idle,4.0
normal_engine_idle_idle_state_0035.wav,normal_engine_idle,4.0
normal_engine_idle_idle_state_0036.wav,normal_engine_idle,4.0
normal_engine_idle_idle_state_0037.wav,normal_engine_idle,4.0
normal_engine_idle_idle_state_0038.wav,normal_engine_idle,4.0
normal_engine_idle_idle_state_0039.wav,normal_engine_idle,4.0
normal_engine_idle_idle_state_0040.wav,normal_engine_idle,4.0
normal_engine_idle_idle_state_0041.wav,normal_engine_idle,4.0
normal_engine_idle_idle_state_0042.wav,normal_engine_idle,4.0
normal_engine_idle_idle_state_0043.wav,normal_engine_idle,4.0
normal_engine_idle_idle_state_0044.wav,normal_engine_idle,4.0
normal_engine_idle_idle_state_0045.wav,normal_engine_idle,4.0
normal_engine_idle_idle_state_0046.wav,normal_engine_idle,4.0
normal_engine_idle_idle_state_0047.wav,normal_engine_idle,4.0
normal_engine_idle_idle_state_0048.wav,normal_engine_idle,4.0
normal_engine_idle_idle_state_0049.wav,normal_engine_idle,4.0
normal_engine_idle_idle_state_0050.wav,normal_engine_idle,4.0
normal_engine_idle_idle_state_0051.wav,normal_engine_idle,4.0
normal_engine_idle_idle_state_0052.wav,normal_engine_idle,4.0
normal_engine_idle_idle_state_0053.wav,normal_engine_idle,4.0
normal_engine_idle_idle_state_0054.wav,normal_engine_idle,4.0
normal_engine_idle_idle_state_0055.wav,normal_engine_idle,4.0
normal_engine_idle_idle_state_0056.wav,normal_engine_idle,4.0
normal_engine_idle_idle_state_0057.wav,normal_engine_idle,4.0
normal_engine_idle_idle_state_0058.wav,normal_engine_idle,4.0
normal_engine_idle_idle_state_0059.wav,normal_engine_idle,4.0
normal_engine_idle_idle_state_0060.wav,normal_engine_idle,4.0
normal_engine_idle_idle_state_0061.wav,normal_engine_idle,4.0
normal_engine_idle_idle_state_0062.wav,normal_engine_idle,4.0
normal_engine_idle_idle_state_0063.wav,normal_engine_idle,4.0
normal_engine_idle_idle_state_0064.wav,normal_engine_idle,4.0
normal_engine_idle_idle_state_0065.wav,normal_engine_idle,4.0
normal_engine_idle_idle_state_0066.wav,normal_engine_idle,4.0
normal_engine_idle_idle_state_0067.wav,normal_engine_idle,4.0
normal_engine_idle_idle_state_0068.wav,normal_engine_idle,4.0
normal_engine_idle_idle_state_0069.wav,normal_engine_idle,4.0
normal_engine_idle_idle_state_0070.wav,normal_engine_idle,4.0
normal_engine_idle_idle_state_0071.wav,normal_engine_idle,4.0
normal_engine_idle_idle_state_0072.wav,normal_engine_idle,4.0
normal_engine_idle_idle_state_0073.wav,normal_engine_idle,4.0
normal_engine_idle_idle_state_0074.wav,normal_engine_idle,4.0
normal_engine_idle_idle_state_0075.wav,normal_engine_idle,4.0
normal_engine_idle_idle_state_0076.wav,normal_engine_idle,4.0
normal_engine_idle_idle_state_0077.wav,normal_engine_idle,4.0
normal_engine_idle_idle_state_0078.wav,normal_engine_idle,4.0
normal_engine_idle_idle_state_0079.wav,normal_engine_idle,4.0
normal_engine_idle_idle_state_0080.wav,normal_engine_idle,4.0
normal_engine_idle_idle_state_0081.wav,normal_engine_idle,4.0
normal_engine_idle_idle_state_0082.wav,normal_engine_idle,4.0
normal_engine_idle_idle_state_0083.wav,normal_engine_idle,4.0
normal_engine_idle_idle_state_0084.wav,normal_engine_idle,4.0
normal_engine_idle_idle_state_0085.wav,normal_engine_idle,4.0
normal_engine_idle_idle_state_0086.wav,normal_engine_idle,4.0
normal_engine_idle_idle_state_0087.wav,normal_engine_idle,4.0
normal_engine_idle_idle_state_0088.wav,normal_engine_idle,4.0
normal_engine_idle_idle_state_0089.wav,normal_engine_idle,4.0
normal_engine_idle_idle_state_0090.wav,normal_engine_idle,4.0
normal_engine_idle_idle_state_0091.wav,normal_engine_idle,4.0
normal_engine_idle_idle_state_0092.wav,normal_engine_idle,4.0
normal_engine_idle_idle_state_0093.wav,normal_engine_idle,4.0
normal_engine_idle_idle_state_0094.wav,normal_engine_idle,4.0
normal_engine_idle_idle_state_0095.wav,normal_engine_idle,4.0
normal_engine_idle_idle_state_0096.wav,normal_engine_idle,4.0
normal_engine_idle_idle_state_0097.wav,normal_engine_idle,4.0
normal_engine_idle_idle_state_0098.wav,normal_engine_idle,4.0
normal_engine_idle_idle_state_0099.wav,normal_engine_idle,4.0
normal_engine_idle_idle_state_0100.wav,normal_engine_idle,4.0
normal_engine_idle_idle_state_0101.wav,normal_engine_idle,4.0
normal_engine_idle_idle_state_0102.wav,normal_engine_idle,4.0
normal_engine_idle_idle_state_0103.wav,normal_engine_idle,4.0
normal_engine_idle_idle_state_0104.wav,normal_engine_idle,4.0
normal_engine_idle_idle_state_0105.wav,normal_engine_idle,4.0
normal_engine_idle_idle_state_0106.wav,normal_engine_idle,4.0
normal_engine_idle_idle_state_0107.wav,normal_engine_idle,4.0
normal_engine_idle_idle_state_0108.wav,normal_engine_idle,4.0
normal_engine_idle_idle_state_0109.wav,normal_engine_idle,4.0
normal_engine_idle_idle_state_0110.wav,normal_engine_idle,4.0
normal_engine_idle_idle_state_0111.wav,normal_engine_idle,4.0
normal_engine_idle_idle_state_0112.wav,normal_engine_idle,4.0
normal_engine_idle_idle_state_0113.wav,normal_engine_idle,4.0
normal_engine_idle_idle_state_0114.wav,normal_engine_idle,4.0
normal_engine_idle_idle_state_0115.wav,normal_engine_idle,4.0
normal_engine_idle_idle_state_0116.wav,normal_engine_idle,4.0
normal_engine_idle_idle_state_0117.wav,normal_engine_idle,4.0
normal_engine_idle_idle_state_0118.wav,normal_engine_idle,4.0
normal_engine_idle_idle_state_0119.wav,normal_engine_idle,4.0
normal_engine_idle_idle_state_0120.wav,normal_engine_idle,4.0
normal_engine_idle_idle_state_0121.wav,normal_engine_idle,4.0
normal_engine_idle_idle_state_0122.wav,normal_engine_idle,4.0
normal_engine_idle_idle_state_0123.wav,normal_engine_idle,4.0
normal_engine_idle_idle_state_0124.wav,normal_engine_idle,4.0
normal_engine_idle_idle_state_0125.wav,normal_engine_idle,4.0
normal_engine_idle_idle_state_0126.wav,normal_engine_idle,4.0
normal_engine_idle_idle_state_0127.wav,normal_engine_idle,4.0
normal_engine_idle_idle_state_0128.wav,normal_engine_idle,4.0
normal_engine_idle_idle_state_0129.wav,normal_engine_idle,4.0
normal_engine_idle_idle_state_0130.wav,normal_engine_idle,4.0
normal_engine_idle_idle_state_0131.wav,normal_engine_idle,4.0
normal_engine_idle_idle_state_0132.wav,normal_engine_idle,4.0
normal_engine_idle_idle_state_0133.wav,normal_engine_idle,4.0
normal_engine_idle_idle_state_0134.wav,normal_engine_idle,4.0
normal_engine_idle_idle_state_0135.wav,normal_engine_idle,4.0
normal_engine_idle_idle_state_0136.wav,normal_engine_idle,4.0
normal_engine_idle_idle_state_0137.wav,normal_engine_idle,4.0
normal_engine_idle_idle_state_0138.wav,normal_engine_idle,4.0
normal_engine_idle_idle_state_0139.wav,normal_engine_idle,4.0
normal_engine_idle_idle_state_0140.wav,normal_engine_idle,4.0
normal_engine_idle_idle_state_0141.wav,normal_engine_idle,4.0
normal_engine_idle_idle_state_0142.wav,normal_engine_idle,4.0
normal_engine_idle_idle_state_0143.wav,normal_engine_idle,4.0
normal_engine_idle_idle_state_0144.wav,normal_engine_idle,4.0
normal_engine_idle_idle_state_0145.wav,normal_engine_idle,4.0
normal_engine_idle_idle_state_0146.wav,normal_engine_idle,4.0
normal_engine_idle_idle_state_0147.wav,normal_engine_idle,4.0
normal_engine_idle_idle_state_0148.wav,normal_engine_idle,4.0
normal_engine_idle_idle_state_0149.wav,normal_engine_idle,4.0
normal_engine_idle_idle_state_0150.wav,normal_engine_idle,4.0
normal_engine_idle_idle_state_0151.wav,normal_engine_idle,4.0
normal_engine_idle_idle_state_0152.wav,normal_engine_idle,4.0
normal_engine_idle_idle_state_0153.wav,normal_engine_idle,4.0
normal_engine_idle_idle_state_0154.wav,normal_engine_idle,4.0
normal_engine_idle_idle_state_0155.wav,normal_engine_idle,4.0
normal_engine_idle_idle_state_0156.wav,normal_engine_idle,4.0
normal_engine_idle_idle_state_0157.wav,normal_engine_idle,4.0
normal_engine_idle_idle_state_0158.wav,normal_engine_idle,4.0
normal_engine_idle_idle_state_0159.wav,normal_engine_idle,4.0
normal_engine_idle_idle_state_0160.wav,normal_engine_idle,4.0
normal_engine_idle_idle_state_0161.wav,normal_engine_idle,4.0
normal_engine_idle_idle_state_0162.wav,normal_engine_idle,4.0
normal_engine_idle_idle_state_0163.wav,normal_engine_idle,4.0
normal_engine_idle_idle_state_0164.wav,normal_engine_idle,4.0
normal_engine_idle_idle_state_0165.wav,normal_engine_idle,4.0
normal_engine_idle_idle_state_0166.wav,normal_engine_idle,4.0
normal_engine_idle_idle_state_0167.wav,normal_engine_idle,4.0
normal_engine_idle_idle_state_0168.wav,normal_engine_idle,4.0
normal_engine_idle_idle_state_0169.wav,normal_engine_idle,4.0
normal_engine_idle_idle_state_0170.wav,normal_engine_idle,4.0
normal_engine_idle_idle_state_0171.wav,normal_engine_idle,4.0
normal_engine_idle_idle_state_0172.wav,normal_engine_idle,4.0
normal_engine_idle_idle_state_0173.wav,normal_engine_idle,4.0
normal_engine_idle_idle_state_0174.wav,normal_engine_idle,4.0
normal_engine_idle_idle_state_0175.wav,normal_engine_idle,4.0
normal_engine_idle_idle_state_0176.wav,normal_engine_idle,4.0
normal_engine_idle_idle_state_0177.wav,normal_engine_idle,4.0
normal_engine_idle_idle_state_0178.wav,normal_engine_idle,4.0
normal_engine_idle_idle_state_0179.wav,normal_engine_idle,4.0
normal_engine_idle_idle_state_0180.wav,normal_engine_idle,4.0
normal_engine_idle_idle_state_0181.wav,normal_engine_idle,4.0
normal_engine_idle_idle_state_0182.wav,normal_engine_idle,4.0
normal_engine_idle_idle_state_0183.wav,normal_engine_idle,4.0
normal_engine_idle_idle_state_0184.wav,normal_engine_idle,4.0
normal_engine_idle_idle_state_0185.wav,normal_engine_idle,4.0
normal_engine_idle_idle_state_0186.wav,normal_engine_idle,4.0
normal_engine_idle_idle_state_0187.wav,normal_engine_idle,4.0
normal_engine_idle_idle_state_0188.wav,normal_engine_idle,4.0
normal_engine_idle_idle_state_0189.wav,normal_engine_idle,4.0
normal_engine_idle_idle_state_0190.wav,normal_engine_idle,4.0
normal_engine_idle_idle_state_0191.wav,normal_engine_idle,4.0
normal_engine_idle_idle_state_0192.wav,normal_engine_idle,4.0
normal_engine_idle_idle_state_0193.wav,normal_engine_idle,4.0
normal_engine_idle_idle_state_0194.wav,normal_engine_idle,4.0
normal_engine_idle_idle_state_0195.wav,normal_engine_idle,4.0
normal_engine_idle_idle_state_0196.wav,normal_engine_idle,4.0
normal_engine_idle_idle_state_0197.wav,normal_engine_idle,4.0
normal_engine_idle_idle_state_0198.wav,normal_engine_idle,4.0
normal_engine_idle_idle_state_0199.wav,normal_engine_idle,4.0
normal_engine_idle_idle_state_0200.wav,normal_engine_idle,4.0
normal_engine_idle_idle_state_0201.wav,normal_engine_idle,4.0
normal_engine_idle_idle_state_0202.wav,normal_engine_idle,4.0
normal_engine_idle_idle_state_0203.wav,normal_engine_idle,4.0
normal_engine_idle_idle_state_0204.wav,normal_engine_idle,4.0
normal_engine_idle_idle_state_0205.wav,normal_engine_idle,4.0
normal_engine_idle_idle_state_0206.wav,normal_engine_idle,4.0
normal_engine_idle_idle_state_0207.wav,normal_engine_idle,4.0
normal_engine_idle_idle_state_0208.wav,normal_engine_idle,4.0
normal_engine_idle_idle_state_0209.wav,normal_engine_idle,4.0
normal_engine_idle_idle_state_0210.wav,normal_engine_idle,4.0
normal_engine_idle_idle_state_0211.wav,normal_engine_idle,4.0
normal_engine_idle_idle_state_0212.wav,normal_engine_idle,4.0
normal_engine_idle_idle_state_0213.wav,normal_engine_idle,4.0
normal_engine_idle_idle_state_0214.wav,normal_engine_idle,4.0
normal_engine_idle_idle_state_0215.wav,normal_engine_idle,4.0
normal_engine_idle_idle_state_0216.wav,normal_engine_idle,4.0
normal_engine_idle_idle_state_0217.wav,normal_engine_idle,4.0
normal_engine_idle_idle_state_0218.wav,normal_engine_idle,4.0
normal_engine_idle_idle_state_0219.wav,normal_engine_idle,4.0
normal_engine_idle_idle_state_0220.wav,normal_engine_idle,4.0
normal_engine_idle_idle_state_0221.wav,normal_engine_idle,4.0
normal_engine_idle_idle_state_0222.wav,normal_engine_idle,4.0
normal_engine_idle_idle_state_0223.wav,normal_engine_idle,4.0
normal_engine_idle_idle_state_0224.wav,normal_engine_idle,4.0
normal_engine_idle_idle_state_0225.wav,normal_engine_idle,4.0
normal_engine_idle_idle_state_0226.wav,normal_engine_idle,4.0
normal_engine_idle_idle_state_0227.wav,normal_engine_idle,4.0
normal_engine_idle_idle_state_0228.wav,normal_engine_idle,4.0
normal_engine_idle_idle_state_0229.wav,normal_engine_idle,4.0
normal_engine_idle_idle_state_0230.wav,normal_engine_idle,4.0
normal_engine_idle_idle_state_0231.wav,normal_engine_idle,4.0
normal_engine_idle_idle_state_0232.wav,normal_engine_idle,4.0
normal_engine_idle_idle_state_0233.wav,normal_engine_idle,4.0
normal_engine_idle_idle_state_0234.wav,normal_engine_idle,4.0
normal_engine_idle_idle_state_0235.wav,normal_engine_idle,4.0
normal_engine_idle_idle_state_0236.wav,normal_engine_idle,4.0
normal_engine_idle_idle_state_0237.wav,normal_engine_idle,4.0
normal_engine_idle_idle_state_0238.wav,normal_engine_idle,4.0
normal_engine_idle_idle_state_0239.wav,normal_engine_idle,4.0
normal_engine_idle_idle_state_0240.wav,normal_engine_idle,4.0
normal_engine_idle_idle_state_0241.wav,normal_engine_idle,4.0
normal_engine_idle_idle_state_0242.wav,normal_engine_idle,4.0
normal_engine_idle_idle_state_0243.wav,normal_engine_idle,4.0
normal_engine_idle_idle_state_0244.wav,normal_engine_idle,4.0
normal_engine_idle_idle_state_0245.wav,normal_engine_idle,4.0
normal_engine_idle_idle_state_0246.wav,normal_engine_idle,4.0
normal_engine_idle_idle_state_0247.wav,normal_engine_idle,4.0
normal_engine_idle_idle_state_0248.wav,normal_engine_idle,4.0
normal_engine_idle_idle_state_0249.wav,normal_engine_idle,4.0
normal_engine_idle_idle_state_0250.wav,normal_engine_idle,4.0
normal_engine_idle_idle_state_0251.wav,normal_engine_idle,4.0
normal_engine_idle_idle_state_0252.wav,normal_engine_idle,4.0
normal_engine_idle_idle_state_0253.wav,normal_engine_idle,4.0
normal_engine_idle_idle_state_0254.wav,normal_engine_idle,4.0
normal_engine_idle_idle_state_0255.wav,normal_engine_idle,4.0
normal_engine_idle_idle_state_0256.wav,normal_engine_idle,4.0
normal_engine_idle_idle_state_0257.wav,normal_engine_idle,4.0
normal_engine_idle_idle_state_0258.wav,normal_engine_idle,4.0
normal_engine_idle_idle_state_0259.wav,normal_engine_idle,4.0
normal_engine_idle_idle_state_0260.wav,normal_engine_idle,4.0
normal_engine_idle_idle_state_0261.wav,normal_engine_idle,4.0
normal_engine_idle_idle_state_0262.wav,normal_engine_idle,4.0
normal_engine_idle_idle_state_0263.wav,normal_engine_idle,4.0
worn_out_brakes_braking_state_0000.wav,worn_out_brakes,1.0
worn_out_brakes_braking_state_0001.wav,worn_out_brakes,1.0
worn_out_brakes_braking_state_0002.wav,worn_out_brakes,1.0
worn_out_brakes_braking_state_0003.wav,worn_out_brakes,1.0
worn_out_brakes_braking_state_0004.wav,worn_out_brakes,1.0
worn_out_brakes_braking_state_0005.wav,worn_out_brakes,1.0
worn_out_brakes_braking_state_0006.wav,worn_out_brakes,1.0
worn_out_brakes_braking_state_0007.wav,worn_out_brakes,1.0
worn_out_brakes_braking_state_0008.wav,worn_out_brakes,1.0
worn_out_brakes_braking_state_0009.wav,worn_out_brakes,1.0
worn_out_brakes_braking_state_0010.wav,worn_out_brakes,1.0
worn_out_brakes_braking_state_0011.wav,worn_out_brakes,1.0
worn_out_brakes_braking_state_0012.wav,worn_out_brakes,1.0
worn_out_brakes_braking_state_0013.wav,worn_out_brakes,1.0
worn_out_brakes_braking_state_0014.wav,worn_out_brakes,1.0
worn_out_brakes_braking_state_0015.wav,worn_out_brakes,1.0
worn_out_brakes_braking_state_0016.wav,worn_out_brakes,1.0
worn_out_brakes_braking_state_0017.wav,worn_out_brakes,1.0
worn_out_brakes_braking_state_0018.wav,worn_out_brakes,1.0
worn_out_brakes_braking_state_0019.wav,worn_out_brakes,1.0
worn_out_brakes_braking_state_0020.wav,worn_out_brakes,1.0
worn_out_brakes_braking_state_0021.wav,worn_out_brakes,1.0
worn_out_brakes_braking_state_0022.wav,worn_out_brakes,1.0
worn_out_brakes_braking_state_0023.wav,worn_out_brakes,1.0
worn_out_brakes_braking_state_0024.wav,worn_out_brakes,1.0
worn_out_brakes_braking_state_0025.wav,worn_out_brakes,1.0
worn_out_brakes_braking_state_0026.wav,worn_out_brakes,1.0
worn_out_brakes_braking_state_0027.wav,worn_out_brakes,1.0
worn_out_brakes_braking_state_0028.wav,worn_out_brakes,1.0
worn_out_brakes_braking_state_0029.wav,worn_out_brakes,1.0
worn_out_brakes_braking_state_0030.wav,worn_out_brakes,1.0
worn_out_brakes_braking_state_0031.wav,worn_out_brakes,1.0
worn_out_brakes_braking_state_0032.wav,worn_out_brakes,1.0
worn_out_brakes_braking_state_0033.wav,worn_out_brakes,1.0
worn_out_brakes_braking_state_0034.wav,worn_out_brakes,1.0
worn_out_brakes_braking_state_0035.wav,worn_out_brakes,1.0
worn_out_brakes_braking_state_0036.wav,worn_out_brakes,1.0
worn_out_brakes_braking_state_0037.wav,worn_out_brakes,1.0
worn_out_brakes_braking_state_0038.wav,worn_out_brakes,1.0
worn_out_brakes_braking_state_0039.wav,worn_out_brakes,1.0
worn_out_brakes_braking_state_0040.wav,worn_out_brakes,1.0
worn_out_brakes_braking_state_0041.wav,worn_out_brakes,1.0
worn_out_brakes_braking_state_0042.wav,worn_out_brakes,1.0
worn_out_brakes_braking_state_0043.wav,worn_out_brakes,1.0
worn_out_brakes_braking_state_0044.wav,worn_out_brakes,1.0
worn_out_brakes_braking_state_0045.wav,worn_out_brakes,1.0
worn_out_brakes_braking_state_0046.wav,worn_out_brakes,1.0
worn_out_brakes_braking_state_0047.wav,worn_out_brakes,1.0
worn_out_brakes_braking_state_0048.wav,worn_out_brakes,1.0
worn_out_brakes_braking_state_0049.wav,worn_out_brakes,1.0
worn_out_brakes_braking_state_0050.wav,worn_out_brakes,1.0
worn_out_brakes_braking_state_0051.wav,worn_out_brakes,1.0
worn_out_brakes_braking_state_0052.wav,worn_out_brakes,1.0
worn_out_brakes_braking_state_0053.wav,worn_out_brakes,1.0
worn_out_brakes_braking_state_0054.wav,worn_out_brakes,1.0
worn_out_brakes_braking_state_0055.wav,worn_out_brakes,1.0
worn_out_brakes_braking_state_0056.wav,worn_out_brakes,1.0
worn_out_brakes_braking_state_0057.wav,worn_out_brakes,1.0
worn_out_brakes_braking_state_0058.wav,worn_out_brakes,1.0
worn_out_brakes_braking_state_0059.wav,worn_out_brakes,1.0
worn_out_brakes_braking_state_0060.wav,worn_out_brakes,1.0
worn_out_brakes_braking_state_0061.wav,worn_out_brakes,1.0
worn_out_brakes_braking_state_0062.wav,worn_out_brakes,1.0
worn_out_brakes_braking_state_0063.wav,worn_out_brakes,1.0
worn_out_brakes_braking_state_0064.wav,worn_out_brakes,1.0
worn_out_brakes_braking_state_0065.wav,worn_out_brakes,1.0
worn_out_brakes_braking_state_0066.wav,worn_out_brakes,1.0
worn_out_brakes_braking_state_0067.wav,worn_out_brakes,1.0
worn_out_brakes_braking_state_0068.wav,worn_out_brakes,1.0
worn_out_brakes_braking_state_0069.wav,worn_out_brakes,1.0
worn_out_brakes_braking_state_0070.wav,worn_out_brakes,1.0
worn_out_brakes_braking_state_0071.wav,worn_out_brakes,1.0
worn_out_brakes_braking_state_0072.wav,worn_out_brakes,1.0
worn_out_brakes_braking_state_0073.wav,worn_out_brakes,1.0
worn_out_brakes_braking_state_0074.wav,worn_out_brakes,1.0
worn_out_brakes_braking_state_0075.wav,worn_out_brakes,1.0
normal_brakes_braking_state_0000.wav,normal_brakes,1.0
normal_brakes_braking_state_0001.wav,normal_brakes,1.0
normal_brakes_braking_state_0002.wav,normal_brakes,1.0
normal_brakes_braking_state_0003.wav,normal_brakes,1.0
normal_brakes_braking_state_0004.wav,normal_brakes,1.0
normal_brakes_braking_state_0005.wav,normal_brakes,1.0
normal_brakes_braking_state_0006.wav,normal_brakes,1.0
normal_brakes_braking_state_0007.wav,normal_brakes,1.0
normal_brakes_braking_state_0008.wav,normal_brakes,1.0
normal_brakes_braking_state_0009.wav,normal_brakes,1.0
normal_brakes_braking_state_0010.wav,normal_brakes,1.0
normal_brakes_braking_state_0011.wav,normal_brakes,1.0
normal_brakes_braking_state_0012.wav,normal_brakes,1.0
normal_brakes_braking_state_0013.wav,normal_brakes,1.0
normal_brakes_braking_state_0014.wav,normal_brakes,1.0
normal_brakes_braking_state_0015.wav,normal_brakes,1.0
normal_brakes_braking_state_0016.wav,normal_brakes,1.0
normal_brakes_braking_state_0017.wav,normal_brakes,1.0
normal_brakes_braking_state_0018.wav,normal_brakes,1.0
normal_brakes_braking_state_0019.wav,normal_brakes,1.0
normal_brakes_braking_state_0020.wav,normal_brakes,1.0
normal_brakes_braking_state_0021.wav,normal_brakes,1.0
normal_brakes_braking_state_0022.wav,normal_brakes,1.0
normal_brakes_braking_state_0023.wav,normal_brakes,1.0
normal_brakes_braking_state_0024.wav,normal_brakes,1.0
normal_brakes_braking_state_0025.wav,normal_brakes,1.0
normal_brakes_braking_state_0026.wav,normal_brakes,1.0
normal_brakes_braking_state_0027.wav,normal_brakes,1.0
normal_brakes_braking_state_0028.wav,normal_brakes,1.0
normal_brakes_braking_state_0029.wav,normal_brakes,1.0
normal_brakes_braking_state_0030.wav,normal_brakes,1.0
normal_brakes_braking_state_0031.wav,normal_brakes,1.0
normal_brakes_braking_state_0032.wav,normal_brakes,1.0
normal_brakes_braking_state_0033.wav,normal_brakes,1.0
normal_brakes_braking_state_0034.wav,normal_brakes,1.0
normal_brakes_braking_state_0035.wav,normal_brakes,1.0
normal_brakes_braking_state_0036.wav,normal_brakes,1.0
normal_brakes_braking_state_0037.wav,normal_brakes,1.0
normal_brakes_braking_state_0038.wav,normal_brakes,1.0
normal_brakes_braking_state_0039.wav,normal_brakes,1.0
normal_brakes_braking_state_0040.wav,normal_brakes,1.0
normal_brakes_braking_state_0041.wav,normal_brakes,1.0
normal_brakes_braking_state_0042.wav,normal_brakes,1.0
normal_brakes_braking_state_0043.wav,normal_brakes,1.0
normal_brakes_braking_state_0044.wav,normal_brakes,1.0
normal_brakes_braking_state_0045.wav,normal_brakes,1.0
normal_brakes_braking_state_0046.wav,normal_brakes,1.0
normal_brakes_braking_state_0047.wav,normal_brakes,1.0
normal_brakes_braking_state_0048.wav,normal_brakes,1.0
normal_brakes_braking_state_0049.wav,normal_brakes,1.0
normal_brakes_braking_state_0050.wav,normal_brakes,1.0
normal_brakes_braking_state_0051.wav,normal_brakes,1.0
normal_brakes_braking_state_0052.wav,normal_brakes,1.0
normal_brakes_braking_state_0053.wav,normal_brakes,1.0
normal_brakes_braking_state_0054.wav,normal_brakes,1.0
normal_brakes_braking_state_0055.wav,normal_brakes,1.0
normal_brakes_braking_state_0056.wav,normal_brakes,1.0
normal_brakes_braking_state_0057.wav,normal_brakes,1.0
normal_brakes_braking_state_0058.wav,normal_brakes,1.0
normal_brakes_braking_state_0059.wav,normal_brakes,1.0
normal_brakes_braking_state_0060.wav,normal_brakes,1.0
normal_brakes_braking_state_0061.wav,normal_brakes,1.0
normal_brakes_braking_state_0062.wav,normal_brakes,1.0
normal_brakes_braking_state_0063.wav,normal_brakes,1.0
normal_brakes_braking_state_0064.wav,normal_brakes,1.0
normal_brakes_braking_state_0065.wav,normal_brakes,1.0
normal_brakes_braking_state_0066.wav,normal_brakes,1.0
normal_brakes_braking_state_0067.wav,normal_brakes,1.0
normal_brakes_braking_state_0068.wav,normal_brakes,1.0
normal_brakes_braking_state_0069.wav,normal_brakes,1.0
normal_brakes_braking_state_0070.wav,normal_brakes,1.0
normal_brakes_braking_state_0071.wav,normal_brakes,1.0
normal_brakes_braking_state_0072.wav,normal_brakes,1.0
normal_brakes_braking_state_0073.wav,normal_brakes,1.0
normal_brakes_braking_state_0074.wav,normal_brakes,1.0
normal_brakes_braking_state_0075.wav,normal_brakes,1.0
normal_brakes_braking_state_0076.wav,normal_brakes,1.0
car_knocking_moving_state_0000.wav,car_knocking,2.0
car_knocking_moving_state_0001.wav,car_knocking,2.0
car_knocking_moving_state_0002.wav,car_knocking,2.0
car_knocking_moving_state_0003.wav,car_knocking,2.0
car_knocking_moving_state_0004.wav,car_knocking,2.0
car_knocking_moving_state_0005.wav,car_knocking,2.0
car_knocking_moving_state_0006.wav,car_knocking,2.0
car_knocking_moving_state_0007.wav,car_knocking,2.0
car_knocking_moving_state_0008.wav,car_knocking,2.0
car_knocking_moving_state_0009.wav,car_knocking,2.0
car_knocking_moving_state_0010.wav,car_knocking,2.0
car_knocking_moving_state_0011.wav,car_knocking,2.0
car_knocking_moving_state_0012.wav,car_knocking,2.0
car_knocking_moving_state_0013.wav,car_knocking,2.0
car_knocking_moving_state_0014.wav,car_knocking,2.0
car_knocking_moving_state_0015.wav,car_knocking,2.0
car_knocking_moving_state_0016.wav,car_knocking,2.0
car_knocking_moving_state_0017.wav,car_knocking,2.0
car_knocking_moving_state_0018.wav,car_knocking,2.0
car_knocking_moving_state_0019.wav,car_knocking,2.0
car_knocking_moving_state_0020.wav,car_knocking,2.0
car_knocking_moving_state_0021.wav,car_knocking,2.0
car_knocking_moving_state_0022.wav,car_knocking,2.0
car_knocking_moving_state_0023.wav,car_knocking,2.0
car_knocking_moving_state_0024.wav,car_knocking,2.0
car_knocking_moving_state_0025.wav,car_knocking,2.0
car_knocking_moving_state_0026.wav,car_knocking,2.0
car_knocking_moving_state_0027.wav,car_knocking,2.0
car_knocking_moving_state_0028.wav,car_knocking,2.0
car_knocking_moving_state_0029.wav,car_knocking,2.0
car_knocking_moving_state_0030.wav,car_knocking,2.0
car_knocking_moving_state_0031.wav,car_knocking,2.0
car_knocking_moving_state_0032.wav,car_knocking,2.0
car_knocking_moving_state_0033.wav,car_knocking,2.0
car_knocking_moving_state_0034.wav,car_knocking,2.0
car_knocking_moving_state_0035.wav,car_knocking,2.0
car_knocking_moving_state_0036.wav,car_knocking,2.0
car_knocking_moving_state_0037.wav,car_knocking,2.0
car_knocking_moving_state_0038.wav,car_knocking,2.0
car_knocking_moving_state_0039.wav,car_knocking,2.0
car_knocking_moving_state_0040.wav,car_knocking,2.0
car_knocking_moving_state_0041.wav,car_knocking,2.0
car_knocking_moving_state_0042.wav,car_knocking,2.0
car_knocking_moving_state_0043.wav,car_knocking,2.0
car_knocking_moving_state_0044.wav,car_knocking,2.0
car_knocking_moving_state_0045.wav,car_knocking,2.0
car_knocking_moving_state_0046.wav,car_knocking,2.0
car_knocking_moving_state_0047.wav,car_knocking,2.0
car_knocking_moving_state_0048.wav,car_knocking,2.0
car_knocking_moving_state_0049.wav,car_knocking,2.0
car_knocking_moving_state_0050.wav,car_knocking,2.0
car_knocking_moving_state_0051.wav,car_knocking,2.0
car_knocking_moving_state_0052.wav,car_knocking,2.0
car_knocking_moving_state_0053.wav,car_knocking,2.0
car_knocking_moving_state_0054.wav,car_knocking,2.0
car_knocking_moving_state_0055.wav,car_knocking,2.0
car_knocking_moving_state_0056.wav,car_knocking,2.0
car_knocking_moving_state_0057.wav,car_knocking,2.0
car_knocking_moving_state_0058.wav,car_knocking,2.0
car_knocking_moving_state_0059.wav,car_knocking,2.0
car_knocking_moving_state_0060.wav,car_knocking,2.0
car_knocking_moving_state_0061.wav,car_knocking,2.0
car_knocking_moving_state_0062.wav,car_knocking,2.0
car_knocking_moving_state_0063.wav,car_knocking,2.0
car_knocking_moving_state_0064.wav,car_knocking,2.0
car_knocking_moving_state_0065.wav,car_knocking,2.0
car_knocking_moving_state_0066.wav,car_knocking,2.0
car_knocking_moving_state_0067.wav,car_knocking,2.0
car_knocking_moving_state_0068.wav,car_knocking,2.0
car_knocking_moving_state_0069.wav,car_knocking,2.0
car_knocking_moving_state_0070.wav,car_knocking,2.0
car_knocking_moving_state_0071.wav,car_knocking,2.0
car_knocking_moving_state_0072.wav,car_knocking,2.0
car_knocking_moving_state_0073.wav,car_knocking,2.0
car_knocking_moving_state_0074.wav,car_knocking,2.0
car_knocking_moving_state_0075.wav,car_knocking,2.0
car_knocking_moving_state_0076.wav,car_knocking,2.0
car_knocking_moving_state_0077.wav,car_knocking,2.0
car_knocking_moving_state_0078.wav,car_knocking,2.0
car_knocking_moving_state_0079.wav,car_knocking,2.0
car_knocking_moving_state_0080.wav,car_knocking,2.0
car_knocking_moving_state_0081.wav,car_knocking,2.0
car_knocking_moving_state_0082.wav,car_knocking,2.0
car_knocking_moving_state_0083.wav,car_knocking,2.0
car_knocking_moving_state_0084.wav,car_knocking,2.0
car_knocking_moving_state_0085.wav,car_knocking,2.0
car_knocking_moving_state_0086.wav,car_knocking,2.0
car_knocking_moving_state_0087.wav,car_knocking,2.0
car_knocking_moving_state_0088.wav,car_knocking,2.0
car_knocking_moving_state_0089.wav,car_knocking,2.0
car_knocking_moving_state_0090.wav,car_knocking,2.0
car_knocking_moving_state_0091.wav,car_knocking,2.0
car_knocking_moving_state_0092.wav,car_knocking,2.0
car_knocking_moving_state_0093.wav,car_knocking,2.0
car_knocking_moving_state_0094.wav,car_knocking,2.0
car_knocking_moving_state_0095.wav,car_knocking,2.0
car_knocking_moving_state_0096.wav,car_knocking,2.0
car_knocking_moving_state_0097.wav,car_knocking,2.0
car_knocking_moving_state_0098.wav,car_knocking,2.0
car_knocking_moving_state_0099.wav,car_knocking,2.0
car_knocking_moving_state_0100.wav,car_knocking,2.0
car_knocking_moving_state_0101.wav,car_knocking,2.0
car_knocking_moving_state_0102.wav,car_knocking,2.0
car_knocking_moving_state_0103.wav,car_knocking,2.0
car_knocking_moving_state_0104.wav,car_knocking,2.0
car_knocking_moving_state_0105.wav,car_knocking,2.0
car_knocking_moving_state_0106.wav,car_knocking,2.0
car_knocking_moving_state_0107.wav,car_knocking,2.0
car_knocking_moving_state_0108.wav,car_knocking,2.0
car_knocking_moving_state_0109.wav,car_knocking,2.0
car_knocking_moving_state_0110.wav,car_knocking,2.0
car_knocking_moving_state_0111.wav,car_knocking,2.0
car_knocking_moving_state_0112.wav,car_knocking,2.0
car_knocking_moving_state_0113.wav,car_knocking,2.0
car_knocking_moving_state_0114.wav,car_knocking,2.0
car_knocking_moving_state_0115.wav,car_knocking,2.0
car_knocking_moving_state_0116.wav,car_knocking,2.0
car_knocking_moving_state_0117.wav,car_knocking,2.0
car_knocking_moving_state_0118.wav,car_knocking,2.0
car_knocking_moving_state_0119.wav,car_knocking,2.0
car_knocking_moving_state_0120.wav,car_knocking,2.0
car_knocking_moving_state_0121.wav,car_knocking,2.0
car_knocking_moving_state_0122.wav,car_knocking,2.0
car_knocking_moving_state_0123.wav,car_knocking,2.0
car_knocking_moving_state_0124.wav,car_knocking,2.0
car_knocking_moving_state_0125.wav,car_knocking,2.0
car_knocking_moving_state_0126.wav,car_knocking,2.0
car_knocking_moving_state_0127.wav,car_knocking,2.0
car_knocking_moving_state_0128.wav,car_knocking,2.0
car_knocking_moving_state_0129.wav,car_knocking,2.0
car_knocking_moving_state_0130.wav,car_knocking,2.0
car_knocking_moving_state_0131.wav,car_knocking,2.0
car_knocking_moving_state_0132.wav,car_knocking,2.0
car_knocking_moving_state_0133.wav,car_knocking,2.0
car_knocking_moving_state_0134.wav,car_knocking,2.0
car_knocking_moving_state_0135.wav,car_knocking,2.0
car_knocking_moving_state_0136.wav,car_knocking,2.0
car_knocking_moving_state_0137.wav,car_knocking,2.0
car_knocking_moving_state_0138.wav,car_knocking,2.0
car_knocking_moving_state_0139.wav,car_knocking,2.0
car_knocking_moving_state_0140.wav,car_knocking,2.0
car_knocking_moving_state_0141.wav,car_knocking,2.0
car_knocking_moving_state_0142.wav,car_knocking,2.0
car_knocking_moving_state_0143.wav,car_knocking,2.0
car_knocking_moving_state_0144.wav,car_knocking,2.0
car_knocking_moving_state_0145.wav,car_knocking,2.0
car_knocking_moving_state_0146.wav,car_knocking,2.0
car_knocking_moving_state_0147.wav,car_knocking,2.0
car_knocking_moving_state_0148.wav,car_knocking,2.0
car_knocking_moving_state_0149.wav,car_knocking,2.0
car_knocking_moving_state_0150.wav,car_knocking,2.0
car_knocking_moving_state_0151.wav,car_knocking,2.0
car_knocking_moving_state_0152.wav,car_knocking,2.0
car_knocking_moving_state_0153.wav,car_knocking,2.0
car_knocking_moving_state_0154.wav,car_knocking,2.0
car_knocking_moving_state_0155.wav,car_knocking,2.0
car_knocking_moving_state_0156.wav,car_knocking,2.0
car_knocking_moving_state_0157.wav,car_knocking,2.0
car_knocking_moving_state_0158.wav,car_knocking,2.0
car_knocking_moving_state_0159.wav,car_knocking,2.0
car_knocking_moving_state_0160.wav,car_knocking,2.0
car_knocking_moving_state_0161.wav,car_knocking,2.0
car_knocking_moving_state_0162.wav,car_knocking,2.0
car_knocking_moving_state_0163.wav,car_knocking,2.0
car_knocking_moving_state_0164.wav,car_knocking,2.0
car_knocking_moving_state_0165.wav,car_knocking,2.0
car_knocking_moving_state_0166.wav,car_knocking,2.0
car_knocking_moving_state_0167.wav,car_knocking,2.0
car_knocking_moving_state_0168.wav,car_knocking,2.0
car_knocking_moving_state_0169.wav,car_knocking,2.0
car_knocking_moving_state_0170.wav,car_knocking,2.0
car_knocking_moving_state_0171.wav,car_knocking,2.0
car_knocking_moving_state_0172.wav,car_knocking,2.0
car_knocking_moving_state_0173.wav,car_knocking,2.0
car_knocking_moving_state_0174.wav,car_knocking,2.0
car_knocking_moving_state_0175.wav,car_knocking,2.0
car_knocking_moving_state_0176.wav,car_knocking,2.0
car_knocking_moving_state_0177.wav,car_knocking,2.0
car_knocking_moving_state_0178.wav,car_knocking,2.0
car_knocking_moving_state_0179.wav,car_knocking,2.0
car_knocking_moving_state_0180.wav,car_knocking,2.0
car_knocking_moving_state_0181.wav,car_knocking,2.0
car_knocking_moving_state_0182.wav,car_knocking,2.0
car_knocking_moving_state_0183.wav,car_knocking,2.0
car_knocking_moving_state_0184.wav,car_knocking,2.0
car_knocking_moving_state_0185.wav,car_knocking,2.0
car_knocking_moving_state_0186.wav,car_knocking,2.0
car_knocking_moving_state_0187.wav,car_knocking,2.0
car_knocking_moving_state_0188.wav,car_knocking,2.0
car_knocking_moving_state_0189.wav,car_knocking,2.0
car_knocking_moving_state_0190.wav,car_knocking,2.0
car_knocking_moving_state_0191.wav,car_knocking,2.0
car_knocking_moving_state_0192.wav,car_knocking,2.0
car_knocking_moving_state_0193.wav,car_knocking,2.0
car_knocking_moving_state_0194.wav,car_knocking,2.0
car_knocking_moving_state_0195.wav,car_knocking,2.0
car_knocking_moving_state_0196.wav,car_knocking,2.0
car_knocking_moving_state_0197.wav,car_knocking,2.0
car_knocking_moving_state_0198.wav,car_knocking,2.0
car_knocking_moving_state_0199.wav,car_knocking,2.0
car_knocking_moving_state_0200.wav,car_knocking,2.0
car_knocking_moving_state_0201.wav,car_knocking,2.0
car_knocking_moving_state_0202.wav,car_knocking,2.0
car_knocking_moving_state_0203.wav,car_knocking,2.0
car_knocking_moving_state_0204.wav,car_knocking,2.0
car_knocking_moving_state_0205.wav,car_knocking,2.0
car_knocking_moving_state_0206.wav,car_knocking,2.0
car_knocking_moving_state_0207.wav,car_knocking,2.0
car_knocking_moving_state_0208.wav,car_knocking,2.0
car_knocking_moving_state_0209.wav,car_knocking,2.0
car_knocking_moving_state_0210.wav,car_knocking,2.0
car_knocking_moving_state_0211.wav,car_knocking,2.0
car_knocking_moving_state_0212.wav,car_knocking,2.0
car_knocking_moving_state_0213.wav,car_knocking,2.0
car_knocking_moving_state_0214.wav,car_knocking,2.0
car_knocking_moving_state_0215.wav,car_knocking,2.0
car_knocking_moving_state_0216.wav,car_knocking,2.0
car_knocking_moving_state_0217.wav,car_knocking,2.0
car_knocking_moving_state_0218.wav,car_knocking,2.0
car_knocking_moving_state_0219.wav,car_knocking,2.0
car_knocking_moving_state_0220.wav,car_knocking,2.0
car_knocking_moving_state_0221.wav,car_knocking,2.0
car_knocking_moving_state_0222.wav,car_knocking,2.0
car_knocking_moving_state_0223.wav,car_knocking,2.0
car_knocking_moving_state_0224.wav,car_knocking,2.0
car_knocking_moving_state_0225.wav,car_knocking,2.0
car_knocking_moving_state_0226.wav,car_knocking,2.0
car_knocking_moving_state_0227.wav,car_knocking,2.0
car_knocking_moving_state_0228.wav,car_knocking,2.0
car_knocking_moving_state_0229.wav,car_knocking,2.0
car_knocking_moving_state_0230.wav,car_knocking,2.0
car_knocking_moving_state_0231.wav,car_knocking,2.0
car_knocking_moving_state_0232.wav,car_knocking,2.0
car_knocking_moving_state_0233.wav,car_knocking,2.0
car_knocking_moving_state_0234.wav,car_knocking,2.0
car_knocking_moving_state_0235.wav,car_knocking,2.0
car_knocking_moving_state_0236.wav,car_knocking,2.0
car_knocking_moving_state_0237.wav,car_knocking,2.0
car_knocking_moving_state_0238.wav,car_knocking,2.0
car_knocking_moving_state_0239.wav,car_knocking,2.0
car_knocking_moving_state_0240.wav,car_knocking,2.0
car_knocking_moving_state_0241.wav,car_knocking,2.0
car_knocking_moving_state_0242.wav,car_knocking,2.0
car_knocking_moving_state_0243.wav,car_knocking,2.0
car_knocking_moving_state_0244.wav,car_knocking,2.0
car_knocking_moving_state_0245.wav,car_knocking,2.0
car_knocking_moving_state_0246.wav,car_knocking,2.0
car_knocking_moving_state_0247.wav,car_knocking,2.0
car_knocking_moving_state_0248.wav,car_knocking,2.0
car_knocking_moving_state_0249.wav,car_knocking,2.0
car_knocking_moving_state_0250.wav,car_knocking,2.0
car_knocking_moving_state_0251.wav,car_knocking,2.0
car_knocking_moving_state_0252.wav,car_knocking,2.0
car_knocking_moving_state_0253.wav,car_knocking,2.0
car_knocking_moving_state_0254.wav,car_knocking,2.0
car_knocking_moving_state_0255.wav,car_knocking,2.0
car_knocking_moving_state_0256.wav,car_knocking,2.0
car_knocking_moving_state_0257.wav,car_knocking,2.0
car_knocking_moving_state_0258.wav,car_knocking,2.0
car_knocking_moving_state_0259.wav,car_knocking,2.0
car_knocking_moving_state_0260.wav,car_knocking,2.0
car_knocking_moving_state_0261.wav,car_knocking,2.0
car_knocking_moving_state_0262.wav,car_knocking,2.0
car_knocking_moving_state_0263.wav,car_knocking,2.0
car_knocking_moving_state_0264.wav,car_knocking,2.0
car_knocking_moving_state_0265.wav,car_knocking,2.0
car_knocking_moving_state_0266.wav,car_knocking,2.0
car_knocking_moving_state_0267.wav,car_knocking,2.0
car_knocking_moving_state_0268.wav,car_knocking,2.0
car_knocking_moving_state_0269.wav,car_knocking,2.0
car_knocking_moving_state_0270.wav,car_knocking,2.0
car_knocking_moving_state_0271.wav,car_knocking,2.0
car_knocking_moving_state_0272.wav,car_knocking,2.0
car_knocking_moving_state_0273.wav,car_knocking,2.0
car_knocking_moving_state_0274.wav,car_knocking,2.0
car_knocking_moving_state_0275.wav,car_knocking,2.0
car_knocking_moving_state_0276.wav,car_knocking,2.0
car_knocking_moving_state_0277.wav,car_knocking,2.0
car_knocking_moving_state_0278.wav,car_knocking,2.0
car_knocking_moving_state_0279.wav,car_knocking,2.0
car_knocking_moving_state_0280.wav,car_knocking,2.0
car_knocking_moving_state_0281.wav,car_knocking,2.0
car_knocking_moving_state_0282.wav,car_knocking,2.0
car_knocking_moving_state_0283.wav,car_knocking,2.0
car_knocking_moving_state_0284.wav,car_knocking,2.0
car_knocking_moving_state_0285.wav,car_knocking,2.0
car_knocking_moving_state_0286.wav,car_knocking,2.0
car_knocking_moving_state_0287.wav,car_knocking,2.0
car_knocking_moving_state_0288.wav,car_knocking,2.0
car_knocking_moving_state_0289.wav,car_knocking,2.0
car_knocking_moving_state_0290.wav,car_knocking,2.0
car_knocking_moving_state_0291.wav,car_knocking,2.0
car_knocking_moving_state_0292.wav,car_knocking,2.0
car_knocking_moving_state_0293.wav,car_knocking,2.0
car_knocking_moving_state_0294.wav,car_knocking,2.0
car_knocking_moving_state_0295.wav,car_knocking,2.0
car_knocking_moving_state_0296.wav,car_knocking,2.0
car_knocking_moving_state_0297.wav,car_knocking,2.0
car_knocking_moving_state_0298.wav,car_knocking,2.0
car_clean_moving_state_0000.wav,car_clean,2.0
car_clean_moving_state_0001.wav,car_clean,2.0
car_clean_moving_state_0002.wav,car_clean,2.0
car_clean_moving_state_0003.wav,car_clean,2.0
car_clean_moving_state_0004.wav,car_clean,2.0
car_clean_moving_state_0005.wav,car_clean,2.0
car_clean_moving_state_0006.wav,car_clean,2.0
car_clean_moving_state_0007.wav,car_clean,2.0
car_clean_moving_state_0008.wav,car_clean,2.0
car_clean_moving_state_0009.wav,car_clean,2.0
car_clean_moving_state_0010.wav,car_clean,2.0
car_clean_moving_state_0011.wav,car_clean,2.0
car_clean_moving_state_0012.wav,car_clean,2.0
car_clean_moving_state_0013.wav,car_clean,2.0
car_clean_moving_state_0014.wav,car_clean,2.0
car_clean_moving_state_0015.wav,car_clean,2.0
car_clean_moving_state_0016.wav,car_clean,2.0
car_clean_moving_state_0017.wav,car_clean,2.0
car_clean_moving_state_0018.wav,car_clean,2.0
car_clean_moving_state_0019.wav,car_clean,2.0
car_clean_moving_state_0020.wav,car_clean,2.0
car_clean_moving_state_0021.wav,car_clean,2.0
car_clean_moving_state_0022.wav,car_clean,2.0
car_clean_moving_state_0023.wav,car_clean,2.0
car_clean_moving_state_0024.wav,car_clean,2.0
car_clean_moving_state_0025.wav,car_clean,2.0
car_clean_moving_state_0026.wav,car_clean,2.0
car_clean_moving_state_0027.wav,car_clean,2.0
car_clean_moving_state_0028.wav,car_clean,2.0
car_clean_moving_state_0029.wav,car_clean,2.0
car_clean_moving_state_0030.wav,car_clean,2.0
car_clean_moving_state_0031.wav,car_clean,2.0
car_clean_moving_state_0032.wav,car_clean,2.0
car_clean_moving_state_0033.wav,car_clean,2.0
car_clean_moving_state_0034.wav,car_clean,2.0
car_clean_moving_state_0035.wav,car_clean,2.0
car_clean_moving_state_0036.wav,car_clean,2.0
car_clean_moving_state_0037.wav,car_clean,2.0
car_clean_moving_state_0038.wav,car_clean,2.0
car_clean_moving_state_0039.wav,car_clean,2.0
car_clean_moving_state_0040.wav,car_clean,2.0
car_clean_moving_state_0041.wav,car_clean,2.0
car_clean_moving_state_0042.wav,car_clean,2.0
car_clean_moving_state_0043.wav,car_clean,2.0
car_clean_moving_state_0044.wav,car_clean,2.0
car_clean_moving_state_0045.wav,car_clean,2.0
car_clean_moving_state_0046.wav,car_clean,2.0
car_clean_moving_state_0047.wav,car_clean,2.0
car_clean_moving_state_0048.wav,car_clean,2.0
car_clean_moving_state_0049.wav,car_clean,2.0
car_clean_moving_state_0050.wav,car_clean,2.0
car_clean_moving_state_0051.wav,car_clean,2.0
car_clean_moving_state_0052.wav,car_clean,2.0
car_clean_moving_state_0053.wav,car_clean,2.0
car_clean_moving_state_0054.wav,car_clean,2.0
car_clean_moving_state_0055.wav,car_clean,2.0
car_clean_moving_state_0056.wav,car_clean,2.0
car_clean_moving_state_0057.wav,car_clean,2.0
car_clean_moving_state_0058.wav,car_clean,2.0
car_clean_moving_state_0059.wav,car_clean,2.0
car_clean_moving_state_0060.wav,car_clean,2.0
car_clean_moving_state_0061.wav,car_clean,2.0
car_clean_moving_state_0062.wav,car_clean,2.0
car_clean_moving_state_0063.wav,car_clean,2.0
car_clean_moving_state_0064.wav,car_clean,2.0
car_clean_moving_state_0065.wav,car_clean,2.0
car_clean_moving_state_0066.wav,car_clean,2.0
car_clean_moving_state_0067.wav,car_clean,2.0
car_clean_moving_state_0068.wav,car_clean,2.0
car_clean_moving_state_0069.wav,car_clean,2.0
car_clean_moving_state_0070.wav,car_clean,2.0
car_clean_moving_state_0071.wav,car_clean,2.0
car_clean_moving_state_0072.wav,car_clean,2.0
car_clean_moving_state_0073.wav,car_clean,2.0
car_clean_moving_state_0074.wav,car_clean,2.0
car_clean_moving_state_0075.wav,car_clean,2.0
car_clean_moving_state_0076.wav,car_clean,2.0
car_clean_moving_state_0077.wav,car_clean,2.0
car_clean_moving_state_0078.wav,car_clean,2.0
car_clean_moving_state_0079.wav,car_clean,2.0
car_clean_moving_state_0080.wav,car_clean,2.0
car_clean_moving_state_0081.wav,car_clean,2.0
car_clean_moving_state_0082.wav,car_clean,2.0
car_clean_moving_state_0083.wav,car_clean,2.0
car_clean_moving_state_0084.wav,car_clean,2.0
car_clean_moving_state_0085.wav,car_clean,2.0
car_clean_moving_state_0086.wav,car_clean,2.0
car_clean_moving_state_0087.wav,car_clean,2.0
car_clean_moving_state_0088.wav,car_clean,2.0
car_clean_moving_state_0089.wav,car_clean,2.0
car_clean_moving_state_0090.wav,car_clean,2.0
car_clean_moving_state_0091.wav,car_clean,2.0
car_clean_moving_state_0092.wav,car_clean,2.0
car_clean_moving_state_0093.wav,car_clean,2.0
car_clean_moving_state_0094.wav,car_clean,2.0
car_clean_moving_state_0095.wav,car_clean,2.0
car_clean_moving_state_0096.wav,car_clean,2.0
car_clean_moving_state_0097.wav,car_clean,2.0
car_clean_moving_state_0098.wav,car_clean,2.0
car_clean_moving_state_0099.wav,car_clean,2.0
car_clean_moving_state_0100.wav,car_clean,2.0
car_clean_moving_state_0101.wav,car_clean,2.0
car_clean_moving_state_0102.wav,car_clean,2.0
car_clean_moving_state_0103.wav,car_clean,2.0
car_clean_moving_state_0104.wav,car_clean,2.0
car_clean_moving_state_0105.wav,car_clean,2.0
car_clean_moving_state_0106.wav,car_clean,2.0
car_clean_moving_state_0107.wav,car_clean,2.0
car_clean_moving_state_0108.wav,car_clean,2.0
car_clean_moving_state_0109.wav,car_clean,2.0
car_clean_moving_state_0110.wav,car_clean,2.0
car_clean_moving_state_0111.wav,car_clean,2.0
car_clean_moving_state_0112.wav,car_clean,2.0
car_clean_moving_state_0113.wav,car_clean,2.0
car_clean_moving_state_0114.wav,car_clean,2.0
car_clean_moving_state_0115.wav,car_clean,2.0
car_clean_moving_state_0116.wav,car_clean,2.0
car_clean_moving_state_0117.wav,car_clean,2.0
car_clean_moving_state_0118.wav,car_clean,2.0
car_clean_moving_state_0119.wav,car_clean,2.0
car_clean_moving_state_0120.wav,car_clean,2.0
car_clean_moving_state_0121.wav,car_clean,2.0
car_clean_moving_state_0122.wav,car_clean,2.0
car_clean_moving_state_0123.wav,car_clean,2.0
car_clean_moving_state_0124.wav,car_clean,2.0
car_clean_moving_state_0125.wav,car_clean,2.0
car_clean_moving_state_0126.wav,car_clean,2.0
car_clean_moving_state_0127.wav,car_clean,2.0
car_clean_moving_state_0128.wav,car_clean,2.0
car_clean_moving_state_0129.wav,car_clean,2.0
car_clean_moving_state_0130.wav,car_clean,2.0
car_clean_moving_state_0131.wav,car_clean,2.0
car_clean_moving_state_0132.wav,car_clean,2.0
car_clean_moving_state_0133.wav,car_clean,2.0
car_clean_moving_state_0134.wav,car_clean,2.0
car_clean_moving_state_0135.wav,car_clean,2.0
car_clean_moving_state_0136.wav,car_clean,2.0
car_clean_moving_state_0137.wav,car_clean,2.0
car_clean_moving_state_0138.wav,car_clean,2.0
car_clean_moving_state_0139.wav,car_clean,2.0
car_clean_moving_state_0140.wav,car_clean,2.0
car_clean_moving_state_0141.wav,car_clean,2.0
car_clean_moving_state_0142.wav,car_clean,2.0
car_clean_moving_state_0143.wav,car_clean,2.0
car_clean_moving_state_0144.wav,car_clean,2.0
car_clean_moving_state_0145.wav,car_clean,2.0
car_clean_moving_state_0146.wav,car_clean,2.0
car_clean_moving_state_0147.wav,car_clean,2.0
car_clean_moving_state_0148.wav,car_clean,2.0
car_clean_moving_state_0149.wav,car_clean,2.0
car_clean_moving_state_0150.wav,car_clean,2.0
car_clean_moving_state_0151.wav,car_clean,2.0
car_clean_moving_state_0152.wav,car_clean,2.0
car_clean_moving_state_0153.wav,car_clean,2.0
car_clean_moving_state_0154.wav,car_clean,2.0
car_clean_moving_state_0155.wav,car_clean,2.0
car_clean_moving_state_0156.wav,car_clean,2.0
car_clean_moving_state_0157.wav,car_clean,2.0
car_clean_moving_state_0158.wav,car_clean,2.0
car_clean_moving_state_0159.wav,car_clean,2.0
car_clean_moving_state_0160.wav,car_clean,2.0
car_clean_moving_state_0161.wav,car_clean,2.0
car_clean_moving_state_0162.wav,car_clean,2.0
car_clean_moving_state_0163.wav,car_clean,2.0
car_clean_moving_state_0164.wav,car_clean,2.0
car_clean_moving_state_0165.wav,car_clean,2.0
car_clean_moving_state_0166.wav,car_clean,2.0
car_clean_moving_state_0167.wav,car_clean,2.0
car_clean_moving_state_0168.wav,car_clean,2.0
car_clean_moving_state_0169.wav,car_clean,2.0
car_clean_moving_state_0170.wav,car_clean,2.0
car_clean_moving_state_0171.wav,car_clean,2.0
car_clean_moving_state_0172.wav,car_clean,2.0
car_clean_moving_state_0173.wav,car_clean,2.0
car_clean_moving_state_0174.wav,car_clean,2.0
car_clean_moving_state_0175.wav,car_clean,2.0
car_clean_moving_state_0176.wav,car_clean,2.0
car_clean_moving_state_0177.wav,car_clean,2.0
car_clean_moving_state_0178.wav,car_clean,2.0
car_clean_moving_state_0179.wav,car_clean,2.0
car_clean_moving_state_0180.wav,car_clean,2.0
car_clean_moving_state_0181.wav,car_clean,2.0
car_clean_moving_state_0182.wav,car_clean,2.0
car_clean_moving_state_0183.wav,car_clean,2.0
car_clean_moving_state_0184.wav,car_clean,2.0
car_clean_moving_state_0185.wav,car_clean,2.0
car_clean_moving_state_0186.wav,car_clean,2.0
car_clean_moving_state_0187.wav,car_clean,2.0
car_clean_moving_state_0188.wav,car_clean,2.0
car_clean_moving_state_0189.wav,car_clean,2.0
car_clean_moving_state_0190.wav,car_clean,2.0
car_clean_moving_state_0191.wav,car_clean,2.0
car_clean_moving_state_0192.wav,car_clean,2.0
car_clean_moving_state_0193.wav,car_clean,2.0
car_clean_moving_state_0194.wav,car_clean,2.0
car_clean_moving_state_0195.wav,car_clean,2.0
car_clean_moving_state_0196.wav,car_clean,2.0
car_clean_moving_state_0197.wav,car_clean,2.0
car_clean_moving_state_0198.wav,car_clean,2.0
car_clean_moving_state_0199.wav,car_clean,2.0
car_clean_moving_state_0200.wav,car_clean,2.0
car_clean_moving_state_0201.wav,car_clean,2.0
car_clean_moving_state_0202.wav,car_clean,2.0
car_clean_moving_state_0203.wav,car_clean,2.0
car_clean_moving_state_0204.wav,car_clean,2.0
car_clean_moving_state_0205.wav,car_clean,2.0
car_clean_moving_state_0206.wav,car_clean,2.0
car_clean_moving_state_0207.wav,car_clean,2.0
car_clean_moving_state_0208.wav,car_clean,2.0
car_clean_moving_state_0209.wav,car_clean,2.0
car_clean_moving_state_0210.wav,car_clean,2.0
car_clean_moving_state_0211.wav,car_clean,2.0
car_clean_moving_state_0212.wav,car_clean,2.0
car_clean_moving_state_0213.wav,car_clean,2.0
car_clean_moving_state_0214.wav,car_clean,2.0
car_clean_moving_state_0215.wav,car_clean,2.0
car_clean_moving_state_0216.wav,car_clean,2.0
car_clean_moving_state_0217.wav,car_clean,2.0
car_clean_moving_state_0218.wav,car_clean,2.0
car_clean_moving_state_0219.wav,car_clean,2.0
car_clean_moving_state_0220.wav,car_clean,2.0
car_clean_moving_state_0221.wav,car_clean,2.0
car_clean_moving_state_0222.wav,car_clean,2.0
car_clean_moving_state_0223.wav,car_clean,2.0
car_clean_moving_state_0224.wav,car_clean,2.0
car_clean_moving_state_0225.wav,car_clean,2.0
car_clean_moving_state_0226.wav,car_clean,2.0
car_clean_moving_state_0227.wav,car_clean,2.0
car_clean_moving_state_0228.wav,car_clean,2.0
car_clean_moving_state_0229.wav,car_clean,2.0
car_clean_moving_state_0230.wav,car_clean,2.0
car_clean_moving_state_0231.wav,car_clean,2.0
car_clean_moving_state_0232.wav,car_clean,2.0
car_clean_moving_state_0233.wav,car_clean,2.0
car_clean_moving_state_0234.wav,car_clean,2.0
car_clean_moving_state_0235.wav,car_clean,2.0
car_clean_moving_state_0236.wav,car_clean,2.0
car_clean_moving_state_0237.wav,car_clean,2.0
car_clean_moving_state_0238.wav,car_clean,2.0
car_clean_moving_state_0239.wav,car_clean,2.0
car_clean_moving_state_0240.wav,car_clean,2.0
car_clean_moving_state_0241.wav,car_clean,2.0
car_clean_moving_state_0242.wav,car_clean,2.0
car_clean_moving_state_0243.wav,car_clean,2.0
car_clean_moving_state_0244.wav,car_clean,2.0
car_clean_moving_state_0245.wav,car_clean,2.0
car_clean_moving_state_0246.wav,car_clean,2.0
car_clean_moving_state_0247.wav,car_clean,2.0
car_clean_moving_state_0248.wav,car_clean,2.0
car_clean_moving_state_0249.wav,car_clean,2.0
car_clean_moving_state_0250.wav,car_clean,2.0
car_clean_moving_state_0251.wav,car_clean,2.0
car_clean_moving_state_0252.wav,car_clean,2.0
car_clean_moving_state_0253.wav,car_clean,2.0
car_clean_moving_state_0254.wav,car_clean,2.0
car_clean_moving_state_0255.wav,car_clean,2.0
car_clean_moving_state_0256.wav,car_clean,2.0
car_clean_moving_state_0257.wav,car_clean,2.0
car_clean_moving_state_0258.wav,car_clean,2.0
car_clean_moving_state_0259.wav,car_clean,2.0
car_clean_moving_state_0260.wav,car_clean,2.0
car_clean_moving_state_0261.wav,car_clean,2.0
car_clean_moving_state_0262.wav,car_clean,2.0
car_clean_moving_state_0263.wav,car_clean,2.0
car_clean_moving_state_0264.wav,car_clean,2.0
car_clean_moving_state_0265.wav,car_clean,2.0
car_clean_moving_state_0266.wav,car_clean,2.0
car_clean_moving_state_0267.wav,car_clean,2.0
car_clean_moving_state_0268.wav,car_clean,2.0
car_clean_moving_state_0269.wav,car_clean,2.0
car_clean_moving_state_0270.wav,car_clean,2.0
car_clean_moving_state_0271.wav,car_clean,2.0
car_clean_moving_state_0272.wav,car_clean,2.0
car_clean_moving_state_0273.wav,car_clean,2.0
car_clean_moving_state_0274.wav,car_clean,2.0
car_clean_moving_state_0275.wav,car_clean,2.0
car_clean_moving_state_0276.wav,car_clean,2.0
car_clean_moving_state_0277.wav,car_clean,2.0
car_clean_moving_state_0278.wav,car_clean,2.0
car_clean_moving_state_0279.wav,car_clean,2.0
car_clean_moving_state_0280.wav,car_clean,2.0
car_clean_moving_state_0281.wav,car_clean,2.0
car_clean_moving_state_0282.wav,car_clean,2.0
car_clean_moving_state_0283.wav,car_clean,2.0
car_clean_moving_state_0284.wav,car_clean,2.0
car_clean_moving_state_0285.wav,car_clean,2.0
car_clean_moving_state_0286.wav,car_clean,2.0
car_clean_moving_state_0287.wav,car_clean,2.0
car_clean_moving_state_0288.wav,car_clean,2.0
car_clean_moving_state_0289.wav,car_clean,2.0
car_clean_moving_state_0290.wav,car_clean,2.0
car_clean_moving_state_0291.wav,car_clean,2.0
car_clean_moving_state_0292.wav,car_clean,2.0
car_clean_moving_state_0293.wav,car_clean,2.0
car_clean_moving_state_0294.wav,car_clean,2.0
car_clean_moving_state_0295.wav,car_clean,2.0
car_clean_moving_state_0296.wav,car_clean,2.0
car_clean_moving_state_0297.wav,car_clean,2.0
car_clean_moving_state_0298.wav,car_clean,2.0
car_clean_moving_state_0299.wav,car_clean,2.0
normal_engine_startup_startup_state_0000.wav,normal_engine_startup,3.0
normal_engine_startup_startup_state_0001.wav,normal_engine_startup,3.0
normal_engine_startup_startup_state_0002.wav,normal_engine_startup,3.0
normal_engine_startup_startup_state_0003.wav,normal_engine_startup,3.0
normal_engine_startup_startup_state_0004.wav,normal_engine_startup,3.0
normal_engine_startup_startup_state_0005.wav,normal_engine_startup,3.0
normal_engine_startup_startup_state_0006.wav,normal_engine_startup,3.0
normal_engine_startup_startup_state_0007.wav,normal_engine_startup,3.0
normal_engine_startup_startup_state_0008.wav,normal_engine_startup,3.0
normal_engine_startup_startup_state_0009.wav,normal_engine_startup,3.0
normal_engine_startup_startup_state_0010.wav,normal_engine_startup,3.0
normal_engine_startup_startup_state_0011.wav,normal_engine_startup,3.0
normal_engine_startup_startup_state_0012.wav,normal_engine_startup,3.0
normal_engine_startup_startup_state_0013.wav,normal_engine_startup,3.0
normal_engine_startup_startup_state_0014.wav,normal_engine_startup,3.0
normal_engine_startup_startup_state_0015.wav,normal_engine_startup,3.0
normal_engine_startup_startup_state_0016.wav,normal_engine_startup,3.0
normal_engine_startup_startup_state_0017.wav,normal_engine_startup,3.0
normal_engine_startup_startup_state_0018.wav,normal_engine_startup,3.0
normal_engine_startup_startup_state_0019.wav,normal_engine_startup,3.0
normal_engine_startup_startup_state_0020.wav,normal_engine_startup,3.0
normal_engine_startup_startup_state_0021.wav,normal_engine_startup,3.0
normal_engine_startup_startup_state_0022.wav,normal_engine_startup,3.0
normal_engine_startup_startup_state_0023.wav,normal_engine_startup,3.0
normal_engine_startup_startup_state_0024.wav,normal_engine_startup,3.0
normal_engine_startup_startup_state_0025.wav,normal_engine_startup,3.0
normal_engine_startup_startup_state_0026.wav,normal_engine_startup,3.0
normal_engine_startup_startup_state_0027.wav,normal_engine_startup,3.0
normal_engine_startup_startup_state_0028.wav,normal_engine_startup,3.0
normal_engine_startup_startup_state_0029.wav,normal_engine_startup,3.0
normal_engine_startup_startup_state_0030.wav,normal_engine_startup,3.0
normal_engine_startup_startup_state_0031.wav,normal_engine_startup,3.0
normal_engine_startup_startup_state_0032.wav,normal_engine_startup,3.0
normal_engine_startup_startup_state_0033.wav,normal_engine_startup,3.0
normal_engine_startup_startup_state_0034.wav,normal_engine_startup,3.0
normal_engine_startup_startup_state_0035.wav,normal_engine_startup,3.0
normal_engine_startup_startup_state_0036.wav,normal_engine_startup,3.0
normal_engine_startup_startup_state_0037.wav,normal_engine_startup,3.0
normal_engine_startup_startup_state_0038.wav,normal_engine_startup,3.0
normal_engine_startup_startup_state_0039.wav,normal_engine_startup,3.0
normal_engine_startup_startup_state_0040.wav,normal_engine_startup,3.0
normal_engine_startup_startup_state_0041.wav,normal_engine_startup,3.0
normal_engine_startup_startup_state_0042.wav,normal_engine_startup,3.0
normal_engine_startup_startup_state_0043.wav,normal_engine_startup,3.0
normal_engine_startup_startup_state_0044.wav,normal_engine_startup,3.0
normal_engine_startup_startup_state_0045.wav,normal_engine_startup,3.0
normal_engine_startup_startup_state_0046.wav,normal_engine_startup,3.0
normal_engine_startup_startup_state_0047.wav,normal_engine_startup,3.0
normal_engine_startup_startup_state_0048.wav,normal_engine_startup,3.0
normal_engine_startup_startup_state_0049.wav,normal_engine_startup,3.0
normal_engine_startup_startup_state_0050.wav,normal_engine_startup,3.0
normal_engine_startup_startup_state_0051.wav,normal_engine_startup,3.0
normal_engine_startup_startup_state_0052.wav,normal_engine_startup,3.0
normal_engine_startup_startup_state_0053.wav,normal_engine_startup,3.0
normal_engine_startup_startup_state_0054.wav,normal_engine_startup,3.0
normal_engine_startup_startup_state_0055.wav,normal_engine_startup,3.0
normal_engine_startup_startup_state_0056.wav,normal_engine_startup,3.0
normal_engine_startup_startup_state_0057.wav,normal_engine_startup,3.0
normal_engine_startup_startup_state_0058.wav,normal_engine_startup,3.0
normal_engine_startup_startup_state_0059.wav,normal_engine_startup,3.0
normal_engine_startup_startup_state_0060.wav,normal_engine_startup,3.0
bad_ignition_startup_state_0000.wav,bad_ignition,3.0
bad_ignition_startup_state_0001.wav,bad_ignition,3.0
bad_ignition_startup_state_0002.wav,bad_ignition,3.0
bad_ignition_startup_state_0003.wav,bad_ignition,3.0
bad_ignition_startup_state_0004.wav,bad_ignition,3.0
bad_ignition_startup_state_0005.wav,bad_ignition,3.0
bad_ignition_startup_state_0006.wav,bad_ignition,3.0
bad_ignition_startup_state_0007.wav,bad_ignition,3.0
bad_ignition_startup_state_0008.wav,bad_ignition,3.0
bad_ignition_startup_state_0009.wav,bad_ignition,3.0
bad_ignition_startup_state_0010.wav,bad_ignition,3.0
bad_ignition_startup_state_0011.wav,bad_ignition,3.0
bad_ignition_startup_state_0012.wav,bad_ignition,3.0
bad_ignition_startup_state_0013.wav,bad_ignition,3.0
bad_ignition_startup_state_0014.wav,bad_ignition,3.0
bad_ignition_startup_state_0015.wav,bad_ignition,3.0
bad_ignition_startup_state_0016.wav,bad_ignition,3.0
bad_ignition_startup_state_0017.wav,bad_ignition,3.0
bad_ignition_startup_state_0018.wav,bad_ignition,3.0
bad_ignition_startup_state_0019.wav,bad_ignition,3.0
bad_ignition_startup_state_0020.wav,bad_ignition,3.0
bad_ignition_startup_state_0021.wav,bad_ignition,3.0
bad_ignition_startup_state_0022.wav,bad_ignition,3.0
bad_ignition_startup_state_0023.wav,bad_ignition,3.0
bad_ignition_startup_state_0024.wav,bad_ignition,3.0
bad_ignition_startup_state_0025.wav,bad_ignition,3.0
bad_ignition_startup_state_0026.wav,bad_ignition,3.0
bad_ignition_startup_state_0027.wav,bad_ignition,3.0
bad_ignition_startup_state_0028.wav,bad_ignition,3.0
bad_ignition_startup_state_0029.wav,bad_ignition,3.0
bad_ignition_startup_state_0030.wav,bad_ignition,3.0
bad_ignition_startup_state_0031.wav,bad_ignition,3.0
bad_ignition_startup_state_0032.wav,bad_ignition,3.0
bad_ignition_startup_state_0033.wav,bad_ignition,3.0
bad_ignition_startup_state_0034.wav,bad_ignition,3.0
bad_ignition_startup_state_0035.wav,bad_ignition,3.0
bad_ignition_startup_state_0036.wav,bad_ignition,3.0
bad_ignition_startup_state_0037.wav,bad_ignition,3.0
bad_ignition_startup_state_0038.wav,bad_ignition,3.0
bad_ignition_startup_state_0039.wav,bad_ignition,3.0
bad_ignition_startup_state_0040.wav,bad_ignition,3.0
bad_ignition_startup_state_0041.wav,bad_ignition,3.0
bad_ignition_startup_state_0042.wav,bad_ignition,3.0
bad_ignition_startup_state_0043.wav,bad_ignition,3.0
bad_ignition_startup_state_0044.wav,bad_ignition,3.0
bad_ignition_startup_state_0045.wav,bad_ignition,3.0
bad_ignition_startup_state_0046.wav,bad_ignition,3.0
bad_ignition_startup_state_0047.wav,bad_ignition,3.0
bad_ignition_startup_state_0048.wav,bad_ignition,3.0
bad_ignition_startup_state_0049.wav,bad_ignition,3.0
bad_ignition_startup_state_0050.wav,bad_ignition,3.0
bad_ignition_startup_state_0051.wav,bad_ignition,3.0
bad_ignition_startup_state_0052.wav,bad_ignition,3.0
bad_ignition_startup_state_0053.wav,bad_ignition,3.0
bad_ignition_startup_state_0054.wav,bad_ignition,3.0
bad_ignition_startup_state_0055.wav,bad_ignition,3.0
bad_ignition_startup_state_0056.wav,bad_ignition,3.0
bad_ignition_startup_state_0057.wav,bad_ignition,3.0
bad_ignition_startup_state_0058.wav,bad_ignition,3.0
bad_ignition_startup_state_0059.wav,bad_ignition,3.0
bad_ignition_startup_state_0060.wav,bad_ignition,3.0
bad_ignition_startup_state_0061.wav,bad_ignition,3.0
dead_battery_startup_state_0000.wav,dead_battery,3.0
dead_battery_startup_state_0001.wav,dead_battery,3.0
dead_battery_startup_state_0002.wav,dead_battery,3.0
dead_battery_startup_state_0003.wav,dead_battery,3.0
dead_battery_startup_state_0004.wav,dead_battery,3.0
dead_battery_startup_state_0005.wav,dead_battery,3.0
dead_battery_startup_state_0006.wav,dead_battery,3.0
dead_battery_startup_state_0007.wav,dead_battery,3.0
dead_battery_startup_state_0008.wav,dead_battery,3.0
dead_battery_startup_state_0009.wav,dead_battery,3.0
dead_battery_startup_state_0010.wav,dead_battery,3.0
dead_battery_startup_state_0011.wav,dead_battery,3.0
dead_battery_startup_state_0012.wav,dead_battery,3.0
dead_battery_startup_state_0013.wav,dead_battery,3.0
dead_battery_startup_state_0014.wav,dead_battery,3.0
dead_battery_startup_state_0015.wav,dead_battery,3.0
dead_battery_startup_state_0016.wav,dead_battery,3.0
dead_battery_startup_state_0017.wav,dead_battery,3.0
dead_battery_startup_state_0018.wav,dead_battery,3.0
dead_battery_startup_state_0019.wav,dead_battery,3.0
dead_battery_startup_state_0020.wav,dead_battery,3.0
dead_battery_startup_state_0021.wav,dead_battery,3.0
dead_battery_startup_state_0022.wav,dead_battery,3.0
dead_battery_startup_state_0023.wav,dead_battery,3.0
dead_battery_startup_state_0024.wav,dead_battery,3.0
dead_battery_startup_state_0025.wav,dead_battery,3.0
dead_battery_startup_state_0026.wav,dead_battery,3.0
dead_battery_startup_state_0027.wav,dead_battery,3.0
dead_battery_startup_state_0028.wav,dead_battery,3.0
dead_battery_startup_state_0029.wav,dead_battery,3.0
dead_battery_startup_state_0030.wav,dead_battery,3.0
dead_battery_startup_state_0031.wav,dead_battery,3.0
dead_battery_startup_state_0032.wav,dead_battery,3.0
dead_battery_startup_state_0033.wav,dead_battery,3.0
dead_battery_startup_state_0034.wav,dead_battery,3.0
dead_battery_startup_state_0035.wav,dead_battery,3.0
dead_battery_startup_state_0036.wav,dead_battery,3.0
dead_battery_startup_state_0037.wav,dead_battery,3.0
dead_battery_startup_state_0038.wav,dead_battery,3.0
dead_battery_startup_state_0039.wav,dead_battery,3.0
dead_battery_startup_state_0040.wav,dead_battery,3.0
dead_battery_startup_state_0041.wav,dead_battery,3.0
dead_battery_startup_state_0042.wav,dead_battery,3.0
dead_battery_startup_state_0043.wav,dead_battery,3.0
dead_battery_startup_state_0044.wav,dead_battery,3.0
dead_battery_startup_state_0045.wav,dead_battery,3.0
dead_battery_startup_state_0046.wav,dead_battery,3.0
dead_battery_startup_state_0047.wav,dead_battery,3.0
dead_battery_startup_state_0048.wav,dead_battery,3.0
dead_battery_startup_state_0049.wav,dead_battery,3.0
dead_battery_startup_state_0050.wav,dead_battery,3.0
dead_battery_startup_state_0051.wav,dead_battery,3.0
dead_battery_startup_state_0052.wav,dead_battery,3.0
dead_battery_startup_state_0053.wav,dead_battery,3.0
dead_battery_startup_state_0054.wav,dead_battery,3.0
dead_battery_startup_state_0055.wav,dead_battery,3.0
dead_battery_startup_state_0056.wav,dead_battery,3.0
